First_Level_Chinese,First_Level_English,Second_Level_Chinese,Second_Level_English,Description_2nd,Third_Level_Chinese,Third_Level_English,Description_3rd,Fourth_Level_Chinese,Fourth_Level_English,Description_4th,Label
客户,Customer,个人,Personal,指金融业机构提供各种业务服务的自然人对象相关的各类信息,个人自然信息,PersonalNaturalInformation,指个人的自然属性信息，即个人本身具有的属性，而非在金融业机构业务开展过程中产生的属性信息。,个人基本概况信息,Basic Personal Information,指个人基本情况数据，如个人姓名、性别、国籍、《海外账户纳税法案》 (FATCA)有关个人身份数据、民族、婚姻状况、证件类型、证件号码、证件生效日期、证件到期日期、家庭住址等。,M3_C2_BPI
客户,Customer,个人,Personal,指金融业机构提供各种业务服务的自然人对象相关的各类信息,个人自然信息,PersonalNaturalInformation,指个人的自然属性信息，即个人本身具有的属性，而非在金融业机构业务开展过程中产生的属性信息。,单位管理层信息,Company Management Information,指企业经营管理层主要组成人员、实际控制人信息数据，如其姓名、证件类型、证件号码、联系人、联系方式等。,M3_C2_CMI
客户,Customer,个人,Personal,指金融业机构提供各种业务服务的自然人对象相关的各类信息,个人自然信息,PersonalNaturalInformation,指个人的自然属性信息，即个人本身具有的属性，而非在金融业机构业务开展过程中产生的属性信息。,个人财产信息,Personal Property Information,指个人的财产数据，如个人收入状况、拥有的不动产状况、拥有的车辆状况、VIN码、纳税额、公积金缴存金额、个人社保与医保存缴金额等。,M3_C2_PPI
客户,Customer,个人,Personal,指金融业机构提供各种业务服务的自然人对象相关的各类信息,个人自然信息,PersonalNaturalInformation,指个人的自然属性信息，即个人本身具有的属性，而非在金融业机构业务开展过程中产生的属性信息。,个人联系信息,Personal Contact Information,指个人各类通信联系方式数据，如手机、固定电话、电子邮箱地址、微信号、通讯记录和内容等。,M3_C2_PCOI
客户,Customer,个人,Personal,指金融业机构提供各种业务服务的自然人对象相关的各类信息,个人自然信息,PersonalNaturalInformation,指个人的自然属性信息，即个人本身具有的属性，而非在金融业机构业务开展过程中产生的属性信息。,个人健康生理信息,Personal Health Physiological Information,指个人生病医治过程中产生的相关记录数据，如病症、住院志、医嘱单、检验报告、手术及麻醉记录、护理记录、用药记录、药物食物过敏信息、生育信息、以往病史、诊治情况、家族病史、现病史、传染病史等，以及与个人身体健康状况相关的其他信息，如吸烟史等。,M4__PHPI
客户,Customer,个人,Personal,指金融业机构提供各种业务服务的自然人对象相关的各类信息,个人自然信息,PersonalNaturalInformation,指个人的自然属性信息，即个人本身具有的属性，而非在金融业机构业务开展过程中产生的属性信息。,个人地理位置信息,Personal Geographic Location Information,指描述能具体定位到个人的地理位置数据，如包含所在国家、城市、区域、街道、行踪轨迹、经纬度等维度信息下的常在位置和当前位置等。,M3_C2_PGLI
客户,Customer,个人,Personal,指金融业机构提供各种业务服务的自然人对象相关的各类信息,个人自然信息,PersonalNaturalInformation,指个人的自然属性信息，即个人本身具有的属性，而非在金融业机构业务开展过程中产生的属性信息。,个人就学信息,Personal Education Information,指个人受教育情况的记录数据，如入学日期、毕业日期、就学的学校名称、就学的学校院系、学历、学位及学科信息等。,M2_C1_PEI
客户,Customer,个人,Personal,指金融业机构提供各种业务服务的自然人对象相关的各类信息,个人自然信息,PersonalNaturalInformation,指个人的自然属性信息，即个人本身具有的属性，而非在金融业机构业务开展过程中产生的属性信息。,个人职业信息,Personal Occupation Information,指个人就职的历史记录数据，如工作单位、工作开始日期、工作结束日期、职位、工作地点、收入情况（含收入值）等。,M2_C1_POI
客户,Customer,个人,Personal,指金融业机构提供各种业务服务的自然人对象相关的各类信息,个人自然信息,PersonalNaturalInformation,指个人的自然属性信息，即个人本身具有的属性，而非在金融业机构业务开展过程中产生的属性信息。,个人资质证书信息,Personal Qualification Certificate Information,指个人获得资质证书的记录数据，如资质证书的编号、颁发机构、生效日期、到期日期等。,M2_C1_PQCI
客户,Customer,个人,Personal,指金融业机构提供各种业务服务的自然人对象相关的各类信息,个人自然信息,PersonalNaturalInformation,指个人的自然属性信息，即个人本身具有的属性，而非在金融业机构业务开展过程中产生的属性信息。,个人党政信息,Personal Party And Government Information,指个人政治面貌相关数据，如党派所属、加入党派时间等。,M2_C1_PPAGI
客户,Customer,个人,Personal,指金融业机构提供各种业务服务的自然人对象相关的各类信息,个人账户信息,PersonalAccountInformation,指账户相关数据，如账户的基本信息、计息信息、冻结信息、介质信息和核算信息等。,个人账户基本信息,Basic Information OfIndividual Account,指账户的基本信息数据，如账户编号、账户类型、保证金账户标志、账户状态、开户机构编号、开户日期、销户日期、支付标记（作为支付账号等原始交易要素的替代值，用于完成特定场景支付交易）等。,M2_C1_BIOA
客户,Customer,个人,Personal,指金融业机构提供各种业务服务的自然人对象相关的各类信息,个人账户信息,PersonalAccountInformation,指账户相关数据，如账户的基本信息、计息信息、冻结信息、介质信息和核算信息等。,个人账户金额信息,Individual Account Amount Information,指账户上的金额信息数据，如金额、余额、币种等。,M3_C2_IAAI
客户,Customer,个人,Personal,指金融业机构提供各种业务服务的自然人对象相关的各类信息,个人账户信息,PersonalAccountInformation,指账户相关数据，如账户的基本信息、计息信息、冻结信息、介质信息和核算信息等。,个人账户介质信息,Personal Account Media Information,指账户上依附的介质相关信息数据，如介质号码、卡种类等。,M3_C2_PAMI
客户,Customer,个人,Personal,指金融业机构提供各种业务服务的自然人对象相关的各类信息,个人账户信息,PersonalAccountInformation,指账户相关数据，如账户的基本信息、计息信息、冻结信息、介质信息和核算信息等。,个人账户冻结信息,Individual Account Freezing Information,指账户发生冻结时记录的相关信息数据，如冻结类型、冻结日期、冻结金额、状态等相关属性信息。,M2_C1_IAFI
客户,Customer,个人,Personal,指金融业机构提供各种业务服务的自然人对象相关的各类信息,个人账户信息,PersonalAccountInformation,指账户相关数据，如账户的基本信息、计息信息、冻结信息、介质信息和核算信息等。,个人账户特有账户信息,Special Account Information Of Individual Account,指政府机构或商业银行在中国人民银行所开立的账户信息。如国库单一账户、清算账户信息等。,M2_C1_SAIOIA
客户,Customer,个人,Personal,指金融业机构提供各种业务服务的自然人对象相关的各类信息,合同通用信息,GeneralContractInformation,指合同法以及商业银行法所规定的、各种特定业务通用的基本属性数据。,个人合同基本信息,Basic Information Of Individual Contract,指合同法以及商业银行法所规定的、各种特定业务通用的基本属性数据，如合同编号、合同名称、合同种类、合同状态、生效日期、到期日期、终止日期、期限、金额、币种、利率相关属性信息等。,M2_C1_BIOIC
客户,Customer,个人,Personal,指金融业机构提供各种业务服务的自然人对象相关的各类信息,贷款、租赁业务信息,LoanAndLeaseBusinessInformation,银行贷款、租赁业务所涵盖的相关属性信息，包括指贷款、租赁业务所涵盖的相关属性信息，包括放款、还款、逾期、展期等相关业务属性信息。,个人贷款、租赁基本信息,Basic Information Of Personal Loans And Leases,指贷款（租赁）业务的基本属性信息数据，如贷款（租赁）类型、贷款（租赁）用途、贷款（租赁）投向、贷款（租赁）金额、贷款（租赁）余额、保证金等。,M3_C2_BIOPLAL
客户,Customer,个人,Personal,指金融业机构提供各种业务服务的自然人对象相关的各类信息,贷款、租赁业务信息,LoanAndLeaseBusinessInformation,银行贷款、租赁业务所涵盖的相关属性信息，包括指贷款、租赁业务所涵盖的相关属性信息，包括放款、还款、逾期、展期等相关业务属性信息。,个人贷款、租赁授信信息,Personal Loan And Lease Credit Information,指贷款（租赁）业务涉及授信的相关数据信息，如授信种类、授信用途、授信币种、授信期限、开始日期、终止日期等。,M3_C2_PLALCI
客户,Customer,个人,Personal,指金融业机构提供各种业务服务的自然人对象相关的各类信息,贷款、租赁业务信息,LoanAndLeaseBusinessInformation,银行贷款、租赁业务所涵盖的相关属性信息，包括指贷款、租赁业务所涵盖的相关属性信息，包括放款、还款、逾期、展期等相关业务属性信息。,个人贷款、租赁担保信息,Personal Loan And Lease Guarantee Information,指贷款（租赁）业务涉及担保的相关数据信息，如担保人、担保方式、担保种类、担保金额、担保比例等。,M3_C2_PLALGI
客户,Customer,个人,Personal,指金融业机构提供各种业务服务的自然人对象相关的各类信息,贷款、租赁业务信息,LoanAndLeaseBusinessInformation,银行贷款、租赁业务所涵盖的相关属性信息，包括指贷款、租赁业务所涵盖的相关属性信息，包括放款、还款、逾期、展期等相关业务属性信息。,个人贷款、租赁放还款信息,Personal LoanAnd Lease Repayment Information,指贷款（租赁）业务放还款的相关数据信息，如放款日期、放款金额、还款方式、还款金额、还款日期等。,M3_C2_PLLRI
客户,Customer,个人,Personal,指金融业机构提供各种业务服务的自然人对象相关的各类信息,贷款、租赁业务信息,LoanAndLeaseBusinessInformation,银行贷款、租赁业务所涵盖的相关属性信息，包括指贷款、租赁业务所涵盖的相关属性信息，包括放款、还款、逾期、展期等相关业务属性信息。,个人贷款、租赁逾期信息,Overdue Information Of Personal Loans And Leases,指贷款（租赁）业务涉及逾期的相关数据信息，如逾期日期、逾期金额、逾期天数、罚息利率、罚息金额、欠息金额等。,M3_C2_OIOPLAL
客户,Customer,个人,Personal,指金融业机构提供各种业务服务的自然人对象相关的各类信息,贷款、租赁业务信息,LoanAndLeaseBusinessInformation,银行贷款、租赁业务所涵盖的相关属性信息，包括指贷款、租赁业务所涵盖的相关属性信息，包括放款、还款、逾期、展期等相关业务属性信息。,个人贷款、租赁展期信息,Personal Loan And Lease Extension Information,指贷款（租赁）业务涉及展期的相关数据信息，如展期期限、展期利率、展期金额、展期次数、展期原因等。,M3_C2_PLALEI
客户,Customer,个人,Personal,指金融业机构提供各种业务服务的自然人对象相关的各类信息,贷款、租赁业务信息,LoanAndLeaseBusinessInformation,银行贷款、租赁业务所涵盖的相关属性信息，包括指贷款、租赁业务所涵盖的相关属性信息，包括放款、还款、逾期、展期等相关业务属性信息。,个人贷款、租赁垫款信息,Personal Loan And Lease Advance Information,指贷款（租赁）业务涉及垫款的相关数据信息，如垫款种类、垫款金额、垫款日期、垫款利率等。,M2_C1_PLALAI
客户,Customer,个人,Personal,指金融业机构提供各种业务服务的自然人对象相关的各类信息,贷款、租赁业务信息,LoanAndLeaseBusinessInformation,银行贷款、租赁业务所涵盖的相关属性信息，包括指贷款、租赁业务所涵盖的相关属性信息，包括放款、还款、逾期、展期等相关业务属性信息。,个人贷款、租赁违约信息,Personal Loan And Lease Default Information,指贷款（租赁）业务涉及违约的相关数据信息，如违约种类、违约日期、违约金支付比例等。,M3_C2_PLALDI
客户,Customer,个人,Personal,指金融业机构提供各种业务服务的自然人对象相关的各类信息,贷款、租赁业务信息,LoanAndLeaseBusinessInformation,银行贷款、租赁业务所涵盖的相关属性信息，包括指贷款、租赁业务所涵盖的相关属性信息，包括放款、还款、逾期、展期等相关业务属性信息。,个人贷款、租赁催收信息,Personal Loan And Lease Collection Information,指贷款（租赁）业务涉及催收相关数据信息，如催收方式、催收周期等。,M2_C1_PLALCI
客户,Customer,个人,Personal,指金融业机构提供各种业务服务的自然人对象相关的各类信息,个人身份鉴别信息,PersonalIdentificationInformation,指个人身份鉴别依赖的信息，该类信息一旦遭到未经授权的查看或未经授权的变更，会对个人金融信息主体的信息安全与财产安全造成严重危害。,个人身份传统鉴别信息,Personal Identity Traditional Authentication Information,指各类常规个人身份鉴别技术手段所依赖的数据，如银行卡磁道（或芯片等有效信息）、卡片验证码（CVN和CVN2）、卡片有效期、银行卡密码、支付密码、账户（包括但不限于支付账号、网络支付业务系统中个人金融信息主体登录用户、证券账户、保险账户）的登录密码、交易密码，账户查询密码、USBKEY.、U盾（网银、手机银行密保工具信息）等。,M4_C3_PITAI
客户,Customer,个人,Personal,指金融业机构提供各种业务服务的自然人对象相关的各类信息,个人身份鉴别信息,PersonalIdentificationInformation,指个人身份鉴别依赖的信息，该类信息一旦遭到未经授权的查看或未经授权的变更，会对个人金融信息主体的信息安全与财产安全造成严重危害。,个人身份弱隐私生物特征信息,Personal Identity Weak Privacy Biometric Information,指用于身份鉴别的弱隐私个人生物特征样本数据与特征值数据，如人脸、声纹、步态、耳纹、眼纹、笔迹等。,M4_C3_PIWPBI
客户,Customer,个人,Personal,指金融业机构提供各种业务服务的自然人对象相关的各类信息,个人身份鉴别信息,PersonalIdentificationInformation,指个人身份鉴别依赖的信息，该类信息一旦遭到未经授权的查看或未经授权的变更，会对个人金融信息主体的信息安全与财产安全造成严重危害。,个人身份强隐私生物特征信息,Strong Privacy Biometric Information Of PersonalIdentity,指用于身份鉴别的强隐私个人生物特征样本数据与特征值数据，如指纹、 虹膜等。,M4_C3_SPBIOP
客户,Customer,个人,Personal,指金融业机构提供各种业务服务的自然人对象相关的各类信息,个人身份鉴别信息,PersonalIdentificationInformation,指个人身份鉴别依赖的信息，该类信息一旦遭到未经授权的查看或未经授权的变更，会对个人金融信息主体的信息安全与财产安全造成严重危害。,个人身份鉴别辅助信息,Personal Identity Authentication Auxiliary Information,指辅助用于身份鉴别的数据，如动态口令、短信验证码、密码提示问题答案、动态声纹密码等。,M3_C2_PIAAI
客户,Customer,个人,Personal,指金融业机构提供各种业务服务的自然人对象相关的各类信息,个人资讯信息,PersonalInformation,指用于补充个人基础信息的外部资讯数据。,个人信贷信息（第三方）,Personal Credit Information ,指个人信贷历史记录数据，如个人借款信息、个人还款信息、个人欠款信息等个人在信贷过程中产生的数据。,M3_C2_PCI
客户,Customer,个人,Personal,指金融业机构提供各种业务服务的自然人对象相关的各类信息,个人资讯信息,PersonalInformation,指用于补充个人基础信息的外部资讯数据。,个人司法信息,Personal Judicial Information,指与个人相关司法信息记录数据，如失信被执行人信息、被执行人信息、开庭公告信息、立案公告信息、犯罪记录、违法违规记录等。,M3_C2_PJI
客户,Customer,个人,Personal,指金融业机构提供各种业务服务的自然人对象相关的各类信息,个人关系信息,PersonalRelationshipInformation,指个人与关联方关系，具体说明双方关系的信息，如个人间关系信息、公私间关系信息等。,个人间关系信息,Personal Among Relationship Information,指用于描述个人与个人关联方关系的记录数据，如子女、父母、兄弟姐妹、配偶、社交关系等。,M3_C2_PARI
客户,Customer,个人,Personal,指金融业机构提供各种业务服务的自然人对象相关的各类信息,个人关系信息,PersonalRelationshipInformation,指个人与关联方关系，具体说明双方关系的信息，如个人间关系信息、公私间关系信息等。,个人关系_公私间关系信息,Public Private Relationship Information,指用于描述个人与单位关联方关系的记录数据，如法定代表人、财务负责人、业务经办人、一般雇员、高管人员等。,M2_C1_PPRI
客户,Customer,个人,Personal,指金融业机构提供各种业务服务的自然人对象相关的各类信息,个人行为信息,PersonalBehaviorInformation,指个人通过各种渠道和金融业机构发生业务关系时的行为数据。,个人行为信息,Personal Actual Behavior Information,指发生业务关系时的行为数据，如描述客户通过网上银行、手机银行、APP、柜面、客户经理、远程银行、邮件、短信、社交网络、辅助渠道等咨询、购买或使用金融业机构产品或服务时产生的如拜访时间（含登录时间、访问时间）、地点、网页浏览记录、APP浏览记录、个人驾驶习惯等。,M2_C1_PABI
客户,Customer,个人,Personal,指金融业机构提供各种业务服务的自然人对象相关的各类信息,个人标签信息,PersonalLabelInformation,指根据各类个人信息构建的用于对个人客户分类分析的描述信息。,个人基础标签信息,Personal BasicLabel Information,指基于个人基本属性信息构建的用于刻画个人的标签数据，如依据教育、职业等构建的个人标签等。,M3_C2_PBI
客户,Customer,个人,Personal,指金融业机构提供各种业务服务的自然人对象相关的各类信息,个人标签信息,PersonalLabelInformation,指根据各类个人信息构建的用于对个人客户分类分析的描述信息。,个人关系标签信息,Personal Relationship Label Information,指基于个人关联属性信息构建的用于刻画个人关系的标签数据，如基于家庭关系、职业关系、商业关系等构建的个人标签等。,M3_C2_PRLI
客户,Customer,个人,Personal,指金融业机构提供各种业务服务的自然人对象相关的各类信息,个人标签信息,PersonalLabelInformation,指根据各类个人信息构建的用于对个人客户分类分析的描述信息。,个人签约标签信息,Individual Signing Label Information,指基于个人持有的金融业机构产品信息构建的用于刻画个人签约情况的标签数据，如个人存款标签、个人贷款标签等。,M2_C1_ISLI
客户,Customer,个人,Personal,指金融业机构提供各种业务服务的自然人对象相关的各类信息,个人标签信息,PersonalLabelInformation,指根据各类个人信息构建的用于对个人客户分类分析的描述信息。,个人交易类标签信息,Personal Transaction Label Information,指基于个人交易信息构建的用于刻画个人交易情况的标签数据，如支付结算业务标签等。,M2_C1_PTLI
客户,Customer,个人,Personal,指金融业机构提供各种业务服务的自然人对象相关的各类信息,个人标签信息,PersonalLabelInformation,指根据各类个人信息构建的用于对个人客户分类分析的描述信息。,个人行为标签信息,Personal Behavior Label Information,指基于个人行为信息构建的用于刻画个人行为的标签数据，如内部行为标签、外部行为标签等。,M2_C1_PBLI
客户,Customer,个人,Personal,指金融业机构提供各种业务服务的自然人对象相关的各类信息,个人标签信息,PersonalLabelInformation,指根据各类个人信息构建的用于对个人客户分类分析的描述信息。,个人营销服务标签信息,Personal Marketing Service Tag Information,指基于个人营销服务属性信息构建的标签数据（从个人营销服务属性中提取加工，并单独构建，用于刻画针对个人的营销服务情况），如营销管理标签（活动权益、白名单等）、服务管理标签（客户敏感度、服务分类等）等。,M2_C1_PMSTI
客户,Customer,个人,Personal,指金融业机构提供各种业务服务的自然人对象相关的各类信息,个人标签信息,PersonalLabelInformation,指根据各类个人信息构建的用于对个人客户分类分析的描述信息。,个人风险标签信息,Personal Risk Label Information,指基于个人风险信息构建的标签数据（从个人风险信息中提取加工，并单独构建，用于刻画个人风险），如高风险客户标签等。,M2_C1_PRLI
客户,Customer,个人,Personal,指金融业机构提供各种业务服务的自然人对象相关的各类信息,个人标签信息,PersonalLabelInformation,指根据各类个人信息构建的用于对个人客户分类分析的描述信息。,个人价值标签信息,Personal Value Tag Information,"指基于分析个人价值所形成的标签数据（从包括金融产品偏好、个人财产状况等信息中提取加工,并单独构建，用于刻画个人价值）,如综合评价标签、产品持有等级标签等。",M2_C1_PVTI
客户,Customer,个人,Personal,指金融业机构提供各种业务服务的自然人对象相关的各类信息,客户服务信息,CustomerServiceInformation,指为满足需要，金融业机构在处理业务和提升客户体验等活动中记录的相关数据。,个人客户服务柜面服务信息,Personal Customer Service Counter Service Information,指柜面服务交互双方和服务过程数据，如服务内容、服务人员信息、服务评价等。,M2_C1_PCSCSI
客户,Customer,个人,Personal,指金融业机构提供各种业务服务的自然人对象相关的各类信息,客户服务信息,CustomerServiceInformation,指为满足需要，金融业机构在处理业务和提升客户体验等活动中记录的相关数据。,个人客户服务电话服务信息,Personal Customer Service Telephone Service Information,指电话服务交互双方和服务过程数据，如客户服务内容、电话录音、服务人员信息、服务记录、服务评价等。,M2_C1_PCSTSI
客户,Customer,个人,Personal,指金融业机构提供各种业务服务的自然人对象相关的各类信息,客户服务信息,CustomerServiceInformation,指为满足需要，金融业机构在处理业务和提升客户体验等活动中记录的相关数据。,个人客户服务网络服务信息,Personal Customer Service Network Service Information,指网络服务双方和服务过程数据，如设备类型（pc/移动设备）、客户端类型（浏览器/APP）、1P地址、服务内容、沟通文字或多媒体记录、服务人员信息、服务评价等。,M2_C1_PCSNSI
客户,Customer,个人,Personal,指金融业机构提供各种业务服务的自然人对象相关的各类信息,音影像信息,AudioAndVideoInformation,指金融业机构在提供金融产品或服务的过程中产生的音影像资料。,个人客户及监管相关音影像信息,Audio And Video Information Related ToIndividual Customers And Supervision,指金融业机构在客户开户或办理各项业务等活动时所采集的及其处理后（如压缩、分段传输）的音影像资料，或监管资料所转化的影像资料数据，如证件扫描件、业务合同扫描件、签名影像、声纹录音等。,M3_C2_AAVIRTCAS
客户,Customer,单位,Company,指金融业机构提供业务服务团体对象（如政府机关、企 事业单位、社会团体、民间组织等）的数据。,单位基本信息,BasicInformationOfTheCompany,指单位的自然属性数据，指单位本身具有的属性，而非在金融业机构管理过程中产生的属性信息。,单位基本概况,Company Basic Survey,指单位基础概况数据，如法定代表人姓名、企业名称、统一社会信用代码、经营许可证、经营范围、行业分类、经济类型、人员规模、注册资本、企业地址等。,M1_CBS
客户,Customer,单位,Company,指金融业机构提供业务服务团体对象（如政府机关、企 事业单位、社会团体、民间组织等）的数据。,单位基本信息,BasicInformationOfTheCompany,指单位的自然属性数据，指单位本身具有的属性，而非在金融业机构管理过程中产生的属性信息。,股东信息,Shareholder Information,指主要出资人信息数据，如控股股东名称、注册资本、实收资本等。,M2_SI
客户,Customer,单位,Company,指金融业机构提供业务服务团体对象（如政府机关、企 事业单位、社会团体、民间组织等）的数据。,单位基本信息,BasicInformationOfTheCompany,指单位的自然属性数据，指单位本身具有的属性，而非在金融业机构管理过程中产生的属性信息。,单位联系信息,Company Contact Information,指单位的联系方式信息数据，如联系电话、通信地址等。,M2_CCI
客户,Customer,单位,Company,指金融业机构提供业务服务团体对象（如政府机关、企 事业单位、社会团体、民间组织等）的数据。,单位基本信息,BasicInformationOfTheCompany,指单位的自然属性数据，指单位本身具有的属性，而非在金融业机构管理过程中产生的属性信息。,单位财务信息,Company Financial Information,指单位财务信息数据，如营业收入、利润总额、资产状况、负债状况等。,M2_CFI
客户,Customer,单位,Company,指金融业机构提供业务服务团体对象（如政府机关、企 事业单位、社会团体、民间组织等）的数据。,单位账户信息,CompanyAccountInformation,指账户相关数据，如账户的基本信息、计息信息、冻结 信息、介质信息和核算信息等。,单位账户基本信息,BasicInformation Of Company Account,指账户的基本信息数据，如账户编号、账户类型、保证金账户标志、账户状态、开户机构编号、开户日期、销户日期、支付标记（作为支村账号等原始交易要素的替代值，用于完成特定场景支付交易）等。,M2_BOCA
客户,Customer,单位,Company,指金融业机构提供业务服务团体对象（如政府机关、企 事业单位、社会团体、民间组织等）的数据。,单位账户信息,CompanyAccountInformation,指账户相关数据，如账户的基本信息、计息信息、冻结 信息、介质信息和核算信息等。,单位账户金额信息,Company Account Amount Information,指账户上的金额信息数据，如金额、余额、币种等。,M3_CAAI
客户,Customer,单位,Company,指金融业机构提供业务服务团体对象（如政府机关、企 事业单位、社会团体、民间组织等）的数据。,单位账户信息,CompanyAccountInformation,指账户相关数据，如账户的基本信息、计息信息、冻结 信息、介质信息和核算信息等。,单位账户介质信息,Company Account Media Information,指账户上依附的介质相关信息数据，如介质号码、卡种类等。,M3_CAMI
客户,Customer,单位,Company,指金融业机构提供业务服务团体对象（如政府机关、企 事业单位、社会团体、民间组织等）的数据。,单位账户信息,CompanyAccountInformation,指账户相关数据，如账户的基本信息、计息信息、冻结 信息、介质信息和核算信息等。,单位账户冻结信息,Company Account Freezing Information,指账户发生冻结时记录的相关信息数据，如冻结类型、冻结日期、冻结金额、状态等相关属性信息。,M2_CAFI
客户,Customer,单位,Company,指金融业机构提供业务服务团体对象（如政府机关、企 事业单位、社会团体、民间组织等）的数据。,单位账户信息,CompanyAccountInformation,指账户相关数据，如账户的基本信息、计息信息、冻结 信息、介质信息和核算信息等。,单位账户特有账户信息,Special Account Information Of Company Account,指政府机构或商业银行在中国人民银行所开立的账户信息。如国库单一账户、清算账户信息等。,M2_SAIOCA
客户,Customer,单位,Company,指金融业机构提供业务服务团体对象（如政府机关、企 事业单位、社会团体、民间组织等）的数据。,单位合同通用信息,GeneralInformationOfUnitContract,指合同法以及商业银行法所规定的、各种特定业务通用的基本属性数据。,单位合同基本信息,Basic Information Of Company Contract,指合同法以及商业银行法所规定的、各种特定业务通用的基本属性数据，如合同编号、合同名称、合同种类、合同状态、生效日期、到期日期、终止日期、期限、金额、币种、利率相关属性信息等。,M2_BIOCC
客户,Customer,单位,Company,指金融业机构提供业务服务团体对象（如政府机关、企 事业单位、社会团体、民间组织等）的数据。,单位贷款、租赁业务信息,CorporateLoanAndLeaseBusinessInformation,银行贷款、租赁业务所涵盖的相关属性信息，包括指贷款、租赁业务所涵益的相关属性信息，包括放款、还款、逾期、展期等相关业务属性信息。,单位贷款、租赁基本信息,Basic Information Of Company Loans And Leases,指贷款（租赁）业务的基本属性信息数据，如贷款（租赁）类型、贷款（租赁）用途、贷款（租赁）投向、贷款（租赁）金额、贷款（租赁）余额、保证金等。,M2_BIOCLAL
客户,Customer,单位,Company,指金融业机构提供业务服务团体对象（如政府机关、企 事业单位、社会团体、民间组织等）的数据。,单位贷款、租赁业务信息,CorporateLoanAndLeaseBusinessInformation,银行贷款、租赁业务所涵盖的相关属性信息，包括指贷款、租赁业务所涵益的相关属性信息，包括放款、还款、逾期、展期等相关业务属性信息。,单位贷款、租赁授信信息,company loan and lease credit information,指贷款（租赁）业务涉及授信的相关数据信息，如授信种类、授信用途、授信币种、授信期限、开始日期、终止日期等。,M2_CLALCI
客户,Customer,单位,Company,指金融业机构提供业务服务团体对象（如政府机关、企 事业单位、社会团体、民间组织等）的数据。,单位贷款、租赁业务信息,CorporateLoanAndLeaseBusinessInformation,银行贷款、租赁业务所涵盖的相关属性信息，包括指贷款、租赁业务所涵益的相关属性信息，包括放款、还款、逾期、展期等相关业务属性信息。,单位贷款、租赁担保信息,company loan and lease guarantee information,指贷款（租赁）业务涉及担保的相关数据信息，如担保人、担保方式、担保种类、担保金额、担保比例等。,M2_CLALGI
客户,Customer,单位,Company,指金融业机构提供业务服务团体对象（如政府机关、企 事业单位、社会团体、民间组织等）的数据。,单位贷款、租赁业务信息,CorporateLoanAndLeaseBusinessInformation,银行贷款、租赁业务所涵盖的相关属性信息，包括指贷款、租赁业务所涵益的相关属性信息，包括放款、还款、逾期、展期等相关业务属性信息。,单位贷款、租赁放还款信息,company loan and lease repayment information,指贷款（租赁）业务放还款的相关数据信息，如放款日期、放款金额、还款方式、还款金额、还款日期等。,M2_CLALRI
客户,Customer,单位,Company,指金融业机构提供业务服务团体对象（如政府机关、企 事业单位、社会团体、民间组织等）的数据。,单位贷款、租赁业务信息,CorporateLoanAndLeaseBusinessInformation,银行贷款、租赁业务所涵盖的相关属性信息，包括指贷款、租赁业务所涵益的相关属性信息，包括放款、还款、逾期、展期等相关业务属性信息。,单位贷款、租赁逾期信息,Company loan and lease overdue information,指贷款（租赁）业务涉及逾期的相关数据信息，如逾期日期、逾期金额、逾期天数、罚息利率、罚息金额、欠息金额等。,M2_CLALOI
客户,Customer,单位,Company,指金融业机构提供业务服务团体对象（如政府机关、企 事业单位、社会团体、民间组织等）的数据。,单位贷款、租赁业务信息,CorporateLoanAndLeaseBusinessInformation,银行贷款、租赁业务所涵盖的相关属性信息，包括指贷款、租赁业务所涵益的相关属性信息，包括放款、还款、逾期、展期等相关业务属性信息。,单位贷款、租赁展期信息,Company Loan And Lease Extension Information,指贷款（租赁）业务涉及展期的相关数据信息，如展期期限、展期利率、展期金额、展期次数、展期原因等。,M2_CLALEI
客户,Customer,单位,Company,指金融业机构提供业务服务团体对象（如政府机关、企 事业单位、社会团体、民间组织等）的数据。,单位贷款、租赁业务信息,CorporateLoanAndLeaseBusinessInformation,银行贷款、租赁业务所涵盖的相关属性信息，包括指贷款、租赁业务所涵益的相关属性信息，包括放款、还款、逾期、展期等相关业务属性信息。,单位贷款、租赁垫款信息,Information Of Company Loans And Lease Advances,指贷款（租赁）业务涉及垫款的相关数据信息，如垫款种类、垫款金额、垫款日期、垫款利率等。,M2_IOCLALA
客户,Customer,单位,Company,指金融业机构提供业务服务团体对象（如政府机关、企 事业单位、社会团体、民间组织等）的数据。,单位贷款、租赁业务信息,CorporateLoanAndLeaseBusinessInformation,银行贷款、租赁业务所涵盖的相关属性信息，包括指贷款、租赁业务所涵益的相关属性信息，包括放款、还款、逾期、展期等相关业务属性信息。,单位贷款、租赁违约信息,Default Information Of Unit Loan And Lease,指贷款（租赁）业务涉及违约的相关数据信息，如违约种类、违约日期、违约金支付比例等。,M2_DIOULAL
客户,Customer,单位,Company,指金融业机构提供业务服务团体对象（如政府机关、企 事业单位、社会团体、民间组织等）的数据。,单位贷款、租赁业务信息,CorporateLoanAndLeaseBusinessInformation,银行贷款、租赁业务所涵盖的相关属性信息，包括指贷款、租赁业务所涵益的相关属性信息，包括放款、还款、逾期、展期等相关业务属性信息。,单位贷款、租赁催收信息,Collection Information Of Unit Loan And Lease,指贷款（租赁）业务涉及催收相关数据信息，如催收方式、催收周期等。,M2_CIOULAL
客户,Customer,单位,Company,指金融业机构提供业务服务团体对象（如政府机关、企 事业单位、社会团体、民间组织等）的数据。,单位身份鉴别信息,UnitIdentificationInformation,指单位用户签别信息数据（该类信息一旦遭到未经授权的查看或未经授权的变更，会对金融信息主体的信息安全与财产安全造成严重危害）。,单位身份传统鉴别信息,Traditional Identification Information Of UnitIdentity,指用于验证单位是否具有访问或使用权限的数据。如银行卡磁道（或芯片等效信息）、卡片验证码（CVN和CVN2）、卡片有效期、银行卡密码、支付密码等支付敏感信息，账户（包括但不限于支付账号、网络支村业务系统中个人金融信息主体登录用户、证券账户、保险账户）的登录密码、交易密码、查询密码等。,M4_TIIOU
客户,Customer,单位,Company,指金融业机构提供业务服务团体对象（如政府机关、企 事业单位、社会团体、民间组织等）的数据。,单位资讯信息,CompanyInformation,指外部资讯、用于补充单位基础信息的数据。,企业信贷信息,Enterprise Credit Information,指企业信贷历史记录信息，如企业借款信息、企业还款信息、企业欠款信息等企业在信贷过程中产生的数据。,M3_ECI
客户,Customer,单位,Company,指金融业机构提供业务服务团体对象（如政府机关、企 事业单位、社会团体、民间组织等）的数据。,单位资讯信息,CompanyInformation,指外部资讯、用于补充单位基础信息的数据。,企业司法信息,Corporate Judicial Information,指企业的司法相关数据，如失信被执行人信息、被执行人信息、开庭公告信息、立案公告信息等。,M2_CJI
客户,Customer,单位,Company,指金融业机构提供业务服务团体对象（如政府机关、企 事业单位、社会团体、民间组织等）的数据。,单位资讯信息,CompanyInformation,指外部资讯、用于补充单位基础信息的数据。,企业税务信息,Enterprise Tax Information,指企业税务数据，如纳税情况、企业纳税人信用评级信息、企业增值税缴纳额同比减少20%以上信息等。,M2_ETI
客户,Customer,单位,Company,指金融业机构提供业务服务团体对象（如政府机关、企 事业单位、社会团体、民间组织等）的数据。,单位资讯信息,CompanyInformation,指外部资讯、用于补充单位基础信息的数据。,企业工商信息,Enterprise Business Information,指企业在市场监管部门录入的可查询数据，如企业证照信息、注册日期、企业类型、股东及出资人信息、主要管理人员信息、企业对外投资等。,M1_EBI
客户,Customer,单位,Company,指金融业机构提供业务服务团体对象（如政府机关、企 事业单位、社会团体、民间组织等）的数据。,单位关系信息,CompanyRelationshipInformation,指单位与单位、单位与个人之间的关联关系数据，如单位问关系信息、公私间关系信息等。,单位间关系信息,Inter Company Relationship Information,指描述单位与单位关联方关系的数据，如集团关系、家族企业、互持股情况等关系。,M2_ICRI
客户,Customer,单位,Company,指金融业机构提供业务服务团体对象（如政府机关、企 事业单位、社会团体、民间组织等）的数据。,单位关系信息,CompanyRelationshipInformation,指单位与单位、单位与个人之间的关联关系数据，如单位问关系信息、公私间关系信息等。,单位关系_公私间关系信息,Unit Relationship Public Private Relationship Information,指描述单位与个人关联方之间关系的数据，如法定代表人、财务负责人、业务经办人、一般雇员、高管等。,M2_URPPRI
客户,Customer,单位,Company,指金融业机构提供业务服务团体对象（如政府机关、企 事业单位、社会团体、民间组织等）的数据。,单位行为信息,UnitBehaviorInformation,指单位通过各类渠道和金融业机构发生业务关系时的行为数据。,单位行为信息,Unit Behavior Information,指发生业务关系时的行为数据，如通过网上银行、手机银行、APP、柜面、客户经理、远程银行、邮件、短信、社交网络、辅助渠道等咨询、购买或使用金融业机构产品或服务时产生的拜访时间、地点、网页浏览习惯、APP浏览习惯等行为记录。,M2_UBI
客户,Customer,单位,Company,指金融业机构提供业务服务团体对象（如政府机关、企 事业单位、社会团体、民间组织等）的数据。,单位标签信息,CompanyLabelInformation,指根据单位属性构建的特征值描述数据，主要用于对单位数据分类分析。,单位基础标签信息,Company Basic Label Information,指基于单位自有属性构建的标签数据，如金融客户标签等。,M2_CBALI
客户,Customer,单位,Company,指金融业机构提供业务服务团体对象（如政府机关、企 事业单位、社会团体、民间组织等）的数据。,单位标签信息,CompanyLabelInformation,指根据单位属性构建的特征值描述数据，主要用于对单位数据分类分析。,单位关系标签信息,Company Relation Label Information,指基于单位关联关系构建的标签数据，如供应链核心客户标签等。,M2_CRLI
客户,Customer,单位,Company,指金融业机构提供业务服务团体对象（如政府机关、企 事业单位、社会团体、民间组织等）的数据。,单位标签信息,CompanyLabelInformation,指根据单位属性构建的特征值描述数据，主要用于对单位数据分类分析。,单位签约标签信息,Unit Signing Label Information,指基于单位的使用产品及投资偏好构建的标签数据，如网银签约标签等。,M2_USLI
客户,Customer,单位,Company,指金融业机构提供业务服务团体对象（如政府机关、企 事业单位、社会团体、民间组织等）的数据。,单位标签信息,CompanyLabelInformation,指根据单位属性构建的特征值描述数据，主要用于对单位数据分类分析。,单位交易类标签信息,Company Transaction Label Information,指基于单位交易信息构建的标签数据，如结算客户标签等。,M2_CTLI
客户,Customer,单位,Company,指金融业机构提供业务服务团体对象（如政府机关、企 事业单位、社会团体、民间组织等）的数据。,单位标签信息,CompanyLabelInformation,指根据单位属性构建的特征值描述数据，主要用于对单位数据分类分析。,单位行为标签信息,Company Behavior Label Information,指基于单位行为习惯构建的标签数据，如偏好使用网银客户标签等。,M2_CBLI
客户,Customer,单位,Company,指金融业机构提供业务服务团体对象（如政府机关、企 事业单位、社会团体、民间组织等）的数据。,单位标签信息,CompanyLabelInformation,指根据单位属性构建的特征值描述数据，主要用于对单位数据分类分析。,单位营销标签信息,Company Marketing Label Information,指基于营销策略和服务对单位构建的分类标签数据，如战略客户标签等。,M2_CMLI
客户,Customer,单位,Company,指金融业机构提供业务服务团体对象（如政府机关、企 事业单位、社会团体、民间组织等）的数据。,单位标签信息,CompanyLabelInformation,指根据单位属性构建的特征值描述数据，主要用于对单位数据分类分析。,单位风险标签信息,Unit Risk Label Information,指基于单位风险信息构建的标签数据，如高风险客户标签等。,M2_URLI
客户,Customer,单位,Company,指金融业机构提供业务服务团体对象（如政府机关、企 事业单位、社会团体、民间组织等）的数据。,单位标签信息,CompanyLabelInformation,指根据单位属性构建的特征值描述数据，主要用于对单位数据分类分析。,单位价值标签信息,Unit Value Tag Information,指基于单位价值构建的评价标签数据，如客户评级、贡献度等。,M2_UVTI
客户,Customer,单位,Company,指金融业机构提供业务服务团体对象（如政府机关、企 事业单位、社会团体、民间组织等）的数据。,客户服务信息,CustomerServiceInformation,指为满足需要，金融业机构在处理业务和提升客户体验等活动中记录的相关数据。,单位客户服务柜面服务信息,Unit Customer Service Counter Service Information,指柜面服务交互双方和服务过程数据，如服务内容、服务人员信息、服务评价等。,M2_UCSCSI
客户,Customer,单位,Company,指金融业机构提供业务服务团体对象（如政府机关、企 事业单位、社会团体、民间组织等）的数据。,客户服务信息,CustomerServiceInformation,指为满足需要，金融业机构在处理业务和提升客户体验等活动中记录的相关数据。,单位客户服务电话服务信息,Corporate Customer Service Telephone Service Information,指电话服务交互双方和服务过程数据，如客户服务内容、电话录音、服务人员信息、服务记录、服务评价等。,M2_CCSTSI
客户,Customer,单位,Company,指金融业机构提供业务服务团体对象（如政府机关、企 事业单位、社会团体、民间组织等）的数据。,客户服务信息,CustomerServiceInformation,指为满足需要，金融业机构在处理业务和提升客户体验等活动中记录的相关数据。,单位客户服务网络服务信息,Corporate Customer Service Network Service Information,指网络服务双方和服务过程数据，如设备类型（pc/移动设备）、客户端类型（浏览器/APP）、IP地址、服务内容、沟通文字或多媒体记录、服务人员信息、服务评价等。,M2_CCSNSI
客户,Customer,单位,Company,指金融业机构提供业务服务团体对象（如政府机关、企 事业单位、社会团体、民间组织等）的数据。,单位音影像信息,CompanyAudioAndVideoInformation,指金融业机构在提供金融产品或服务的过程中产生的音影像资料。,单位客户及监管相关音影像信息,Audio And Video Information Related To Unit Customers And Supervision,指金融业机构在客户开户或办理各项业务等活动时所采集的及其处理后（如压缩、分段传输）的音影像资料，或监管资料所转化的影像资料数据，如证件扫描件、业务合同扫描件、签名影像、声纹录音等。,M3_AAVIRTUCAS
业务,Business,合约协议,ContractAgreement,指合同或协议所包含的所有属性数据，如合同法以及商业银行法所规定的基本属性信息，以及各种特定业务合同所包含的特定属性信息。,中间业务信息,IntermediateBusinessInformation,指金融业机构代理 客户办理收款、付款和其他委托事项而收取手续费的业务信息，包括支付结算类、担保承诺类、代理类、基金托管类业务信息等。,中间业务基本信息,Basic Information Of Intermediate Business,指中间业务的基本属性数据信息，如中间业务类型、手续费、费率等。,M2_BIOIB
业务,Business,合约协议,ContractAgreement,指合同或协议所包含的所有属性数据，如合同法以及商业银行法所规定的基本属性信息，以及各种特定业务合同所包含的特定属性信息。,中间业务信息,IntermediateBusinessInformation,指金融业机构代理 客户办理收款、付款和其他委托事项而收取手续费的业务信息，包括支付结算类、担保承诺类、代理类、基金托管类业务信息等。,咨询顾问类中间业务信息,Information On Intermediate Business Of Consultants,指金融业机构依靠自身在信息、人才、信誉等方面的优势，收集和整理有关数据，并通过对这些数据以及银行和客户资金运动的记录和分析，并形成系统的资料和方案，提供给客户的业务数据信息，例如信息咨询、财务顾问等信息。,M2_IOIBOC
业务,Business,合约协议,ContractAgreement,指合同或协议所包含的所有属性数据，如合同法以及商业银行法所规定的基本属性信息，以及各种特定业务合同所包含的特定属性信息。,保险业务信息,InsuranceBusinessInformation,指在保险合同生命同期中的业务过程 （如核保、保全批改、理赔等）的相 关信息。,保单基本信息,Basic Information Of Insurance Policy,指在保险业务中的保单基本信息数据，如投保单号、保单号、保险人、投保人、被保险人、受益人、签单日期、生效日期、保险费及支付方法、特别约定、健康告知、违约责任及争议处理等。,M3_BIOIP
业务,Business,合约协议,ContractAgreement,指合同或协议所包含的所有属性数据，如合同法以及商业银行法所规定的基本属性信息，以及各种特定业务合同所包含的特定属性信息。,保险业务信息,InsuranceBusinessInformation,指在保险合同生命同期中的业务过程 （如核保、保全批改、理赔等）的相 关信息。,保单责任信息,Policy Liability Information,指保险合同中约定的保险人向被保险人提供保险保障的范围数据。如保险责任名称、保险期间、保险金额、责任保费和费率、保险金赔偿及给付方法等。,M2_PLI
业务,Business,合约协议,ContractAgreement,指合同或协议所包含的所有属性数据，如合同法以及商业银行法所规定的基本属性信息，以及各种特定业务合同所包含的特定属性信息。,保险业务信息,InsuranceBusinessInformation,指在保险合同生命同期中的业务过程 （如核保、保全批改、理赔等）的相 关信息。,财产险标的信息,Information On The Subject Matter Of Property Insurance,指具有经济价值的有形实物保险标的是投保人请求保险人承担风险、给予经济保障的保险利益的承担者。财产险标的（如车辆、房屋、工程、地块、 农作物、林木等）的属性数据，如车架号/Vin码、车辆牌照号、车牌种类、 车辆种类、厂牌车型、发动机号、工程信息、地块代码、地块面积、林地面积等。,M2_IOTSMOPI
业务,Business,合约协议,ContractAgreement,指合同或协议所包含的所有属性数据，如合同法以及商业银行法所规定的基本属性信息，以及各种特定业务合同所包含的特定属性信息。,保险业务信息,InsuranceBusinessInformation,指在保险合同生命同期中的业务过程 （如核保、保全批改、理赔等）的相 关信息。,责任险标的信息,Information On Subject Matter Of Liability Insurance,指属于被保险人对第三者在法律上应负的经济赔偿责任的责任险的标的数据，如雇主责任、产品责任、公众责任等，具体信息包括投保企业的信息、作业方式、作业环境、以往事故信息、风险等级、危险品信息、消防设施、安全管理水平等。,M2_IOSMOLI
业务,Business,合约协议,ContractAgreement,指合同或协议所包含的所有属性数据，如合同法以及商业银行法所规定的基本属性信息，以及各种特定业务合同所包含的特定属性信息。,保险业务信息,InsuranceBusinessInformation,指在保险合同生命同期中的业务过程 （如核保、保全批改、理赔等）的相 关信息。,保全批改信息,Preserve Correction Information,指客户为维持保险合同效力所进行保全（变更） 的相关数据，如保全批改项目、变更原因、变更内容、变更影响、生效时间等。,M2_PCORI
业务,Business,合约协议,ContractAgreement,指合同或协议所包含的所有属性数据，如合同法以及商业银行法所规定的基本属性信息，以及各种特定业务合同所包含的特定属性信息。,保险业务信息,InsuranceBusinessInformation,指在保险合同生命同期中的业务过程 （如核保、保全批改、理赔等）的相 关信息。,销售渠道费用信息,Sales Channel Expense Information,指保险销售过程中需要向中介机构、代理人支付的费用数据，如代理人佣金、代理机构手续费、经纪人/机构经纪费等。,M3_SCEI
业务,Business,合约协议,ContractAgreement,指合同或协议所包含的所有属性数据，如合同法以及商业银行法所规定的基本属性信息，以及各种特定业务合同所包含的特定属性信息。,保险业务信息,InsuranceBusinessInformation,指在保险合同生命同期中的业务过程 （如核保、保全批改、理赔等）的相 关信息。,理赔案件信息,Claim Case Information,指案件理赔相关数据，如报案人、出险人、报案日期、出险时间、出险地点、出险描述、事故结果、索赔金额、索赔材料等。,M2_CCAI
业务,Business,合约协议,ContractAgreement,指合同或协议所包含的所有属性数据，如合同法以及商业银行法所规定的基本属性信息，以及各种特定业务合同所包含的特定属性信息。,保险业务信息,InsuranceBusinessInformation,指在保险合同生命同期中的业务过程 （如核保、保全批改、理赔等）的相 关信息。,赔付结果信息,Compensation Result Information,指赔付结果相关书，如理赔结论、理赔时效、核赔金额、追偿费用、追偿赔款、拒赔原因、黑名单、诉讼信息等。,M2_CREI
业务,Business,金融监管和服务,FinancialRegulationAndServices,金融业有关机构在履行各类监管、政务及金融服务职能等过程中产生的数据，如反洗钱业务信息、国库业务信息等。,反洗钱业务信息,AntiMoneyLaunderingBusinessInformation,指反洗钱业务所涵盖的相关属性信息，包括分类考核评级信息、行政监管信息等。,分类考核评级信息,Classification Assessment Rating Information,指反洗钱工作中对金融业机构分类考核评级的信息。如反洗钱考核等级、反洗钱指标得分值等。,M3_CARI
业务,Business,金融监管和服务,FinancialRegulationAndServices,金融业有关机构在履行各类监管、政务及金融服务职能等过程中产生的数据，如反洗钱业务信息、国库业务信息等。,反洗钱业务信息,AntiMoneyLaunderingBusinessInformation,指反洗钱业务所涵盖的相关属性信息，包括分类考核评级信息、行政监管信息等。,国际合作信息,International Cooperation Information,指反洗钱工作中涉及外事活动、国际合作的信息。如反洗钱外事活动名称、 反洗钱外事活动类型等。,M2_ICI
业务,Business,金融监管和服务,FinancialRegulationAndServices,金融业有关机构在履行各类监管、政务及金融服务职能等过程中产生的数据，如反洗钱业务信息、国库业务信息等。,反洗钱业务信息,AntiMoneyLaunderingBusinessInformation,指反洗钱业务所涵盖的相关属性信息，包括分类考核评级信息、行政监管信息等。,行政监管信息,Administrative Supervision Information,指反洗钱工作中行使监管职能，对金融业机构进行检查、处罚等业务的信息。如反洗钱检查计划名称、反洗钱检查计划年度等。,M2_ASI
业务,Business,金融监管和服务,FinancialRegulationAndServices,金融业有关机构在履行各类监管、政务及金融服务职能等过程中产生的数据，如反洗钱业务信息、国库业务信息等。,反洗钱业务信息,AntiMoneyLaunderingBusinessInformation,指反洗钱业务所涵盖的相关属性信息，包括分类考核评级信息、行政监管信息等。,调查协查信息,Information Of Investigation Assistance,指反洗钱工作中自行调查或协助其他机构调查反洗钱案件的信息。如反洗钱行政调查报告ID、反洗钱行政调查通知书文号等。,M3_IOIA
业务,Business,金融监管和服务,FinancialRegulationAndServices,金融业有关机构在履行各类监管、政务及金融服务职能等过程中产生的数据，如反洗钱业务信息、国库业务信息等。,反洗钱业务信息,AntiMoneyLaunderingBusinessInformation,指反洗钱业务所涵盖的相关属性信息，包括分类考核评级信息、行政监管信息等。,问卷调查信息,Questionnaire Information,指反洗钱工作中向金融业机构发放问卷调查的信息。如反洗钱问卷调查名称、反洗钱问卷调查回答状态等。,M2_QI
业务,Business,金融监管和服务,FinancialRegulationAndServices,金融业有关机构在履行各类监管、政务及金融服务职能等过程中产生的数据，如反洗钱业务信息、国库业务信息等。,反洗钱业务信息,AntiMoneyLaunderingBusinessInformation,指反洗钱业务所涵盖的相关属性信息，包括分类考核评级信息、行政监管信息等。,信息沟通信息,Information Communication Information,指反洗钱工作中及与金融业机构之间的通告、交流、信息共享的信息。如反洗钱通知通告文号、反洗钱通知通告内容等。,M2_ICOI
业务,Business,金融监管和服务,FinancialRegulationAndServices,金融业有关机构在履行各类监管、政务及金融服务职能等过程中产生的数据，如反洗钱业务信息、国库业务信息等。,反洗钱业务信息,AntiMoneyLaunderingBusinessInformation,指反洗钱业务所涵盖的相关属性信息，包括分类考核评级信息、行政监管信息等。,宣传培训信息,Publicize Training Information,指反洗钱业务中反洗钱如反洗钱宣传培训人数、反洗钱培训课时等。,M2_PTI
业务,Business,金融监管和服务,FinancialRegulationAndServices,金融业有关机构在履行各类监管、政务及金融服务职能等过程中产生的数据，如反洗钱业务信息、国库业务信息等。,身份核查业务信息,IdentityVerificationBusinessInformation,指身份核查业务所涵盖的相关属性信息，如居民身份证信息等。,非居民身份信息核查信息,Non Resident Identity Information Verification Information,指对非居民身份信息联网核查业务信息。如核查流水号、核查结果等。,M2_NRIIVI
业务,Business,金融监管和服务,FinancialRegulationAndServices,金融业有关机构在履行各类监管、政务及金融服务职能等过程中产生的数据，如反洗钱业务信息、国库业务信息等。,身份核查业务信息,IdentityVerificationBusinessInformation,指身份核查业务所涵盖的相关属性信息，如居民身份证信息等。,居民身份证核查信息,Verification Information Of Resident Identity Card,指对居民身份证联网核查业务的信息。如核查流水号、联网核查查询时间等。,M2_VIORIC
业务,Business,金融监管和服务,FinancialRegulationAndServices,金融业有关机构在履行各类监管、政务及金融服务职能等过程中产生的数据，如反洗钱业务信息、国库业务信息等。,身份核查业务信息,IdentityVerificationBusinessInformation,指身份核查业务所涵盖的相关属性信息，如居民身份证信息等。,失效居民身份证核查信息,Verification Information OfInvalid I D Card,指对失效居民身份证联网核查业务的信息。如核查流水号、被核查居民身份证有效期起始日期等。,M2_VIOIDC
业务,Business,金融监管和服务,FinancialRegulationAndServices,金融业有关机构在履行各类监管、政务及金融服务职能等过程中产生的数据，如反洗钱业务信息、国库业务信息等。,身份核查业务信息,IdentityVerificationBusinessInformation,指身份核查业务所涵盖的相关属性信息，如居民身份证信息等。,异议反馈信息,Objection Feedback Information,指身份核查业务中对核查结有异议的反惯信息。如异议反馈内容、异议反馈方式等。,M2_OFI
业务,Business,金融监管和服务,FinancialRegulationAndServices,金融业有关机构在履行各类监管、政务及金融服务职能等过程中产生的数据，如反洗钱业务信息、国库业务信息等。,征信管理业务信息,CreditManagementBusinessInformation,指征信管理业务所涵盖的相关属性信息，如个人征信机构管理信息、信用评级信息等。,个人征信机构管理信息,Management Information OfIndividual Credit Bureau,指征信管理业务中对个人征信机构的管理信息。如个人征信机构许可证号、个人征信机构总资产等。,M2_MIOCB
业务,Business,金融监管和服务,FinancialRegulationAndServices,金融业有关机构在履行各类监管、政务及金融服务职能等过程中产生的数据，如反洗钱业务信息、国库业务信息等。,征信管理业务信息,CreditManagementBusinessInformation,指征信管理业务所涵盖的相关属性信息，如个人征信机构管理信息、信用评级信息等。,企业征信机构管理信息,Management Information Of Enterprise Credit Bureau,指征信管理业务中对企业征信机构的管理信息。如企业征信机构总资产等。,M2_MIOECB
业务,Business,金融监管和服务,FinancialRegulationAndServices,金融业有关机构在履行各类监管、政务及金融服务职能等过程中产生的数据，如反洗钱业务信息、国库业务信息等。,征信管理业务信息,CreditManagementBusinessInformation,指征信管理业务所涵盖的相关属性信息，如个人征信机构管理信息、信用评级信息等。,事件公告信息,Event Announcement Information,指征信管理业务中重要事件信息。如事件公告标题、事件公告内容等。,M2_EAI
业务,Business,金融监管和服务,FinancialRegulationAndServices,金融业有关机构在履行各类监管、政务及金融服务职能等过程中产生的数据，如反洗钱业务信息、国库业务信息等。,征信管理业务信息,CreditManagementBusinessInformation,指征信管理业务所涵盖的相关属性信息，如个人征信机构管理信息、信用评级信息等。,信用评级信息,Credit Rating Information,指征信管理业务中对信用评级机构的管理信息。如信用评级机构人数、信用评级机构信息录入时间等。,M2_CRI
业务,Business,金融监管和服务,FinancialRegulationAndServices,金融业有关机构在履行各类监管、政务及金融服务职能等过程中产生的数据，如反洗钱业务信息、国库业务信息等。,征信管理业务信息,CreditManagementBusinessInformation,指征信管理业务所涵盖的相关属性信息，如个人征信机构管理信息、信用评级信息等。,征信维权信息,Information On Credit Investigation And Rights Protection,指征信管理业务中对征信机构投诉、诉讼的信息。如征信维权投诉受理单编号、征信维权投诉处理情况等。,M2_IOCIARP
业务,Business,金融监管和服务,FinancialRegulationAndServices,金融业有关机构在履行各类监管、政务及金融服务职能等过程中产生的数据，如反洗钱业务信息、国库业务信息等。,征信管理业务信息,CreditManagementBusinessInformation,指征信管理业务所涵盖的相关属性信息，如个人征信机构管理信息、信用评级信息等。,信用体系建设管理信息,Credit System Construction Management Information,指征信管理业务中信用体系建设管理信息。如小微企业信用体系建设进展情况、建档户数等。,M2_CSCMI
业务,Business,金融监管和服务,FinancialRegulationAndServices,金融业有关机构在履行各类监管、政务及金融服务职能等过程中产生的数据，如反洗钱业务信息、国库业务信息等。,征信管理业务信息,CreditManagementBusinessInformation,指征信管理业务所涵盖的相关属性信息，如个人征信机构管理信息、信用评级信息等。,金融信用数据库管理信息,Financial Credit Database Management Information,指征信管理业务中金融信用信息基础数据库管理信息。如金融信用信息基础数据库接入城市商业银行数量、金融信用信息基础数据库接入国有商业银行数量等。,M2_FCDMI
业务,Business,金融监管和服务,FinancialRegulationAndServices,金融业有关机构在履行各类监管、政务及金融服务职能等过程中产生的数据，如反洗钱业务信息、国库业务信息等。,利率报备业务信息,InterestRateReportingBusinessInformation,指管理商业银行报备利率、汇率数据业务所涵益的相关属性信息，如指标管理信息、汇率信息。,指标管理信息,Indicator Management Information,指利率指标相关的业务信息。如指标ID.指标所属类型等。,M3_IMI
业务,Business,金融监管和服务,FinancialRegulationAndServices,金融业有关机构在履行各类监管、政务及金融服务职能等过程中产生的数据，如反洗钱业务信息、国库业务信息等。,利率报备业务信息,InterestRateReportingBusinessInformation,指管理商业银行报备利率、汇率数据业务所涵益的相关属性信息，如指标管理信息、汇率信息。,汇率信息,Exchange Rate Information,指汇率相关的业务信息。如汇率折算开始日期、汇率折算目标币种等。,M2_ERI
业务,Business,金融监管和服务,FinancialRegulationAndServices,金融业有关机构在履行各类监管、政务及金融服务职能等过程中产生的数据，如反洗钱业务信息、国库业务信息等。,舆情监测业务信息,PublicOpinionMonitoringBusinessInformation,指舆情监测业务所涵盖的相关属性信息，如舆情采集信息、热点汇总信息。,舆情采集信息,Public Opinion Collection Information,指采集的新闻报道业务信息。如新闻报道关键字、新闻报道所属类别等。,M2_POCI
业务,Business,金融监管和服务,FinancialRegulationAndServices,金融业有关机构在履行各类监管、政务及金融服务职能等过程中产生的数据，如反洗钱业务信息、国库业务信息等。,舆情监测业务信息,PublicOpinionMonitoringBusinessInformation,指舆情监测业务所涵盖的相关属性信息，如舆情采集信息、热点汇总信息。,热点汇总信息,Hotspot Summary Information,指业务部门对新闻报道热点信息进行归纳和汇总.并获得新的业务信息。如每周热点类别、每周热点信息关健词等。,M2_HSI
业务,Business,金融监管和服务,FinancialRegulationAndServices,金融业有关机构在履行各类监管、政务及金融服务职能等过程中产生的数据，如反洗钱业务信息、国库业务信息等。,行政预审批业务信息,AdministrativePreApprovalBusinessInformation,指开展行政与审批业务所产生的各类信息，如事项申请信息、事项审批信息,事项申请信息,Item Application Information,指行政事项申请相关的业务信息。如行政审批申请编号、附件材料名称等。,M2_IAI
业务,Business,金融监管和服务,FinancialRegulationAndServices,金融业有关机构在履行各类监管、政务及金融服务职能等过程中产生的数据，如反洗钱业务信息、国库业务信息等。,行政预审批业务信息,AdministrativePreApprovalBusinessInformation,指开展行政与审批业务所产生的各类信息，如事项申请信息、事项审批信息,事项审批信息,Event Approval Information,指审批结果和通知等信息。如行政审批审核意见等。,M2_EAPI
业务,Business,金融监管和服务,FinancialRegulationAndServices,金融业有关机构在履行各类监管、政务及金融服务职能等过程中产生的数据，如反洗钱业务信息、国库业务信息等。,跨境收付业务信息,CrossBorderCollectionAndPaymentBusinessInformation,指从其他政府机构或事业单位接收的跨境业务信息，如货币收购业务信息、跨境担保业务信息等。,货币购售业务信息,Currency Purchase And Sale Business Information,指境内与境外主体间进行人民币或外汇购售的相关业务。如人民币购售业务金额等。,M3_CPASBI
业务,Business,金融监管和服务,FinancialRegulationAndServices,金融业有关机构在履行各类监管、政务及金融服务职能等过程中产生的数据，如反洗钱业务信息、国库业务信息等。,跨境收付业务信息,CrossBorderCollectionAndPaymentBusinessInformation,指从其他政府机构或事业单位接收的跨境业务信息，如货币收购业务信息、跨境担保业务信息等。,收支业务（含汇总）信息,Revenue And Expense Business  Including Summary Information,指跨境收支业务信息以及相关汇总信息。如贸易类型、跨境支出总金额等。,M3_RAEB ISI
业务,Business,金融监管和服务,FinancialRegulationAndServices,金融业有关机构在履行各类监管、政务及金融服务职能等过程中产生的数据，如反洗钱业务信息、国库业务信息等。,跨境收付业务信息,CrossBorderCollectionAndPaymentBusinessInformation,指从其他政府机构或事业单位接收的跨境业务信息，如货币收购业务信息、跨境担保业务信息等。,跨境投融资业务信息,Cross Border Investment And Financing Business Information,指跨境信贷融资、证券交易、债券发行等与投资和融资相关的业务信息。如跨境融资余额、本币金额等。,M3_CBIAFBI
业务,Business,金融监管和服务,FinancialRegulationAndServices,金融业有关机构在履行各类监管、政务及金融服务职能等过程中产生的数据，如反洗钱业务信息、国库业务信息等。,跨境收付业务信息,CrossBorderCollectionAndPaymentBusinessInformation,指从其他政府机构或事业单位接收的跨境业务信息，如货币收购业务信息、跨境担保业务信息等。,跨境担保业务信息,Cross Border Guarantee Business Information,指进行跨境担保相关的业务信息。如跨境担保申报号码、跨境担保金额等。,M3_CBGBI
业务,Business,金融监管和服务,FinancialRegulationAndServices,金融业有关机构在履行各类监管、政务及金融服务职能等过程中产生的数据，如反洗钱业务信息、国库业务信息等。,跨境收付业务信息,CrossBorderCollectionAndPaymentBusinessInformation,指从其他政府机构或事业单位接收的跨境业务信息，如货币收购业务信息、跨境担保业务信息等。,跨境银行主体业务信息,Cross Border Bank Main Business Information,指结算、消算等以银行为主体发生的业务信息。如跨境消算收款金额等。,M3_CBBMBI
业务,Business,金融监管和服务,FinancialRegulationAndServices,金融业有关机构在履行各类监管、政务及金融服务职能等过程中产生的数据，如反洗钱业务信息、国库业务信息等。,跨境收付业务信息,CrossBorderCollectionAndPaymentBusinessInformation,指从其他政府机构或事业单位接收的跨境业务信息，如货币收购业务信息、跨境担保业务信息等。,跨境双向资金池业务信息,Cross Border Two Way Fund Pool Business Information,指跨国企业根据自身经营需要，对内部资金余缺谜行调节的业务信息。如双向资金池总金额等。,M3_CBTWFPBI
业务,Business,金融监管和服务,FinancialRegulationAndServices,金融业有关机构在履行各类监管、政务及金融服务职能等过程中产生的数据，如反洗钱业务信息、国库业务信息等。,跨境收付业务信息,CrossBorderCollectionAndPaymentBusinessInformation,指从其他政府机构或事业单位接收的跨境业务信息，如货币收购业务信息、跨境担保业务信息等。,利率汇率信息,Interest Rate And Exchange Rate Information,指跨境相关业务所涉及的利率和汇率信息。如币种、基准利率等。,M2_IRAERI
业务,Business,金融监管和服务,FinancialRegulationAndServices,金融业有关机构在履行各类监管、政务及金融服务职能等过程中产生的数据，如反洗钱业务信息、国库业务信息等。,跨境收付业务信息,CrossBorderCollectionAndPaymentBusinessInformation,指从其他政府机构或事业单位接收的跨境业务信息，如货币收购业务信息、跨境担保业务信息等。,节点信息,Node Information,指跨境收付系统内部经常变动的业务信息。如节点代码、节点启用日期等。,M3_NI
业务,Business,金融监管和服务,FinancialRegulationAndServices,金融业有关机构在履行各类监管、政务及金融服务职能等过程中产生的数据，如反洗钱业务信息、国库业务信息等。,跨境收付业务信息,CrossBorderCollectionAndPaymentBusinessInformation,指从其他政府机构或事业单位接收的跨境业务信息，如货币收购业务信息、跨境担保业务信息等。,撤销跨境业务信息,Cancel Cross Border Business Information,指跨境业务中被撤销的业务信息。加撤销业务申报号码、撤销业务受理日期等。,M2_CCBBI
业务,Business,金融监管和服务,FinancialRegulationAndServices,金融业有关机构在履行各类监管、政务及金融服务职能等过程中产生的数据，如反洗钱业务信息、国库业务信息等。,跨境收付业务信息,CrossBorderCollectionAndPaymentBusinessInformation,指从其他政府机构或事业单位接收的跨境业务信息，如货币收购业务信息、跨境担保业务信息等。,漏报迟报业务信息,Misreporting And Late Reporting Of Business Information,指跨境业务中迟报、漏报的业务信息。如迟报天数等。,M2_MALROBI
业务,Business,金融监管和服务,FinancialRegulationAndServices,金融业有关机构在履行各类监管、政务及金融服务职能等过程中产生的数据，如反洗钱业务信息、国库业务信息等。,金融消费权益保护业务信息,InformationOnFinancialConsumptionRightsAndInterestsProtectionBusiness,指金融消资者保护业务所涵盖的相关属性信息，如普惠金融信息、案例管理信息等。,咨询投诉管理信息,Consulting Complaint Management Information,指金融消费者进行咨询或投诉产生的业务信息。如咨询工单编号、咨询处理结果等。,M2_CCMI
业务,Business,金融监管和服务,FinancialRegulationAndServices,金融业有关机构在履行各类监管、政务及金融服务职能等过程中产生的数据，如反洗钱业务信息、国库业务信息等。,金融消费权益保护业务信息,InformationOnFinancialConsumptionRightsAndInterestsProtectionBusiness,指金融消资者保护业务所涵盖的相关属性信息，如普惠金融信息、案例管理信息等。,普惠金融信息,Inclusive Financial Information,指开展普惠金融工作经验相关的业务信息。如工作动态标题等。,M2_IFI
业务,Business,金融监管和服务,FinancialRegulationAndServices,金融业有关机构在履行各类监管、政务及金融服务职能等过程中产生的数据，如反洗钱业务信息、国库业务信息等。,金融消费权益保护业务信息,InformationOnFinancialConsumptionRightsAndInterestsProtectionBusiness,指金融消资者保护业务所涵盖的相关属性信息，如普惠金融信息、案例管理信息等。,普惠金融指标管理信息,Inclusive Financial Indicator Management Information,指根据普惠金融指标体系的工作要求录入的业务信息。如普惠金融指标名称、普惠金融指标启用日期等。,M2_IFIMI
业务,Business,金融监管和服务,FinancialRegulationAndServices,金融业有关机构在履行各类监管、政务及金融服务职能等过程中产生的数据，如反洗钱业务信息、国库业务信息等。,金融消费权益保护业务信息,InformationOnFinancialConsumptionRightsAndInterestsProtectionBusiness,指金融消资者保护业务所涵盖的相关属性信息，如普惠金融信息、案例管理信息等。,案例管理信息,Case Management Information,指系统内录入的以往关于金融消费者保护的案例信息。如案例编号、案例案情简介等。,M2_CMANI
业务,Business,金融监管和服务,FinancialRegulationAndServices,金融业有关机构在履行各类监管、政务及金融服务职能等过程中产生的数据，如反洗钱业务信息、国库业务信息等。,金融消费权益保护业务信息,InformationOnFinancialConsumptionRightsAndInterestsProtectionBusiness,指金融消资者保护业务所涵盖的相关属性信息，如普惠金融信息、案例管理信息等。,消费者教育信息,Consumer Education Information,指金融知识普及和宣传相关业务信息。如消费者教育知识标题、消费者教育知识关键字等。,M2_CEI
业务,Business,金融监管和服务,FinancialRegulationAndServices,金融业有关机构在履行各类监管、政务及金融服务职能等过程中产生的数据，如反洗钱业务信息、国库业务信息等。,金融消费权益保护业务信息,InformationOnFinancialConsumptionRightsAndInterestsProtectionBusiness,指金融消资者保护业务所涵盖的相关属性信息，如普惠金融信息、案例管理信息等。,电子公告管理信息,Electronic Bulletin Management Information,指发布金融消费者权益保护相关电子公共产生的业务信息。如电子公告标题、电子公告发布时间等。,M1_EBMI
业务,Business,金融监管和服务,FinancialRegulationAndServices,金融业有关机构在履行各类监管、政务及金融服务职能等过程中产生的数据，如反洗钱业务信息、国库业务信息等。,金融消费权益保护业务信息,InformationOnFinancialConsumptionRightsAndInterestsProtectionBusiness,指金融消资者保护业务所涵盖的相关属性信息，如普惠金融信息、案例管理信息等。,监督检查信息,Supervision And Inspection Information,指对机构进行金融消费者权益保护评估产生的业务信息，包括机构自评及中国人民银行评估。如现场检查内容、现场检查对象等。,M2_SAII
业务,Business,金融监管和服务,FinancialRegulationAndServices,金融业有关机构在履行各类监管、政务及金融服务职能等过程中产生的数据，如反洗钱业务信息、国库业务信息等。,金融稳定分析业务信息,FinancialStabilityAnalysisBusinessInformation,指防范化解系统性金融风险工作时产生的各类信息，如指标分析信息、报表处理信息。,指标分析信息,Indicator Analysis Information,指分析涉及金融稳定相关指标的业务信息。如金融稳定指标信息等。,M3_IANI
业务,Business,金融监管和服务,FinancialRegulationAndServices,金融业有关机构在履行各类监管、政务及金融服务职能等过程中产生的数据，如反洗钱业务信息、国库业务信息等。,金融稳定分析业务信息,FinancialStabilityAnalysisBusinessInformation,指防范化解系统性金融风险工作时产生的各类信息，如指标分析信息、报表处理信息。,报表处理信息,Report Processing Information,指处理金融稳定报表产生的业务信息。如金融稳定报表名称等。,M2_RPI
业务,Business,交易信息,TransactionInformation,指通过交易所产生的数据。交易，即任何改变金融业机构财务状态信息基础的业务动作。包括交易基本信息、交易金额信息、交易对手信息、交易清结算信息、交易记账信息等。,交易通用信息,GeneralTransactionInformation,指描述交易本身具体的通用属性数据，如交易账户、日期、种类、渠道、交易对手、交易核算等。,交易基本信息,Basic Transaction Information,指交易基本数据，如交易流水号、交易日期、交易类型（含金融性交易，如存款、汇款等，以及非金融性交易，加账户查询、修改密码等）、交易渠道、交易来源、交易地点、请求日期、生效日期等。,M2_BTI
业务,Business,交易信息,TransactionInformation,指通过交易所产生的数据。交易，即任何改变金融业机构财务状态信息基础的业务动作。包括交易基本信息、交易金额信息、交易对手信息、交易清结算信息、交易记账信息等。,交易通用信息,GeneralTransactionInformation,指描述交易本身具体的通用属性数据，如交易账户、日期、种类、渠道、交易对手、交易核算等。,交易金额信息,Transaction Amount Information,指描述交易中实际发生的金额信息，如交易币种、交易金额等。,M3_TAI
业务,Business,交易信息,TransactionInformation,指通过交易所产生的数据。交易，即任何改变金融业机构财务状态信息基础的业务动作。包括交易基本信息、交易金额信息、交易对手信息、交易清结算信息、交易记账信息等。,交易通用信息,GeneralTransactionInformation,指描述交易本身具体的通用属性数据，如交易账户、日期、种类、渠道、交易对手、交易核算等。,交易对手信息,Counterparty Information,指交易活动中交易对象的相关数据，如对手类型、对手方客户名称、对手方开户行及账号等。,M3_COUI
业务,Business,交易信息,TransactionInformation,指通过交易所产生的数据。交易，即任何改变金融业机构财务状态信息基础的业务动作。包括交易基本信息、交易金额信息、交易对手信息、交易清结算信息、交易记账信息等。,交易通用信息,GeneralTransactionInformation,指描述交易本身具体的通用属性数据，如交易账户、日期、种类、渠道、交易对手、交易核算等。,交易清结算信息,Transaction Clearing And Settlement Information,指金融业机构为客户办理货币支付、资金划拨及其资金清算业务的数据，如发起行、接收行、支付指令、清分明细数据（商户手续费、渠道成本、代理商分润等）等。,M2_TCASI
业务,Business,交易信息,TransactionInformation,指通过交易所产生的数据。交易，即任何改变金融业机构财务状态信息基础的业务动作。包括交易基本信息、交易金额信息、交易对手信息、交易清结算信息、交易记账信息等。,交易通用信息,GeneralTransactionInformation,指描述交易本身具体的通用属性数据，如交易账户、日期、种类、渠道、交易对手、交易核算等。,交易记账信息,Transaction Bookkeeping Information,指会计主体因交易发生的经济活动而进行事后核算记账的数据，如记账日期、记账时间等。,M2_TBI
业务,Business,交易信息,TransactionInformation,指通过交易所产生的数据。交易，即任何改变金融业机构财务状态信息基础的业务动作。包括交易基本信息、交易金额信息、交易对手信息、交易清结算信息、交易记账信息等。,保险收付费信息,InsuranceCollectionAndPaymentInformation,指因承保、理赔或保全批改，客户需缴纳保险费或客户获得赔偿或给付等 费用相关数据。,保险赔偿和给付信息,Insurance Compensation And Benefit Information,指因保全批改或理赔，客户获得的赔偿或给付等费用数据，如给付项目、金额、赔付日期、保险金领取人等。,M3_ICABI
经营管理,OperationManagement,营销服务,MarketingServices,指金融业机构在充分认识、满足消费者需求的前提下，为充分满足消费者需要在营销服务过程中所采取的一系列活动中所产生的相关数据。,产品信息,ProductInformation,指金融业机构产品日常管理、销售、运营的各类数据。,新产品（项目）研发信息,New Product Project R&D Information,指金融业机构研究选择适应市场需要的产品，从产品设计到投入正常生产的一系列决策过程所产生的数据，如调查研究报告、开发新产品的构思或创意、新产品或品种设计信息、新产品或品种研发报告及数据、新产品测试评估报告及数据，保险产品的定价和产品利润假设、费率表和准备金表等精算数据，以及金融资产管理公司拟收购、拟处置不套资产的项目方案及其审核审批信息等。,M3_NPPRI
经营管理,OperationManagement,营销服务,MarketingServices,指金融业机构在充分认识、满足消费者需求的前提下，为充分满足消费者需要在营销服务过程中所采取的一系列活动中所产生的相关数据。,产品信息,ProductInformation,指金融业机构产品日常管理、销售、运营的各类数据。,基本信息,Product Essential Information,指用于产品管理的基础描述数据，如产品编号、产品名称、适用客户类型等。,M2_PESI
经营管理,OperationManagement,营销服务,MarketingServices,指金融业机构在充分认识、满足消费者需求的前提下，为充分满足消费者需要在营销服务过程中所采取的一系列活动中所产生的相关数据。,产品信息,ProductInformation,指金融业机构产品日常管理、销售、运营的各类数据。,分类信息,Product Classification Information,指金融业机构根据各部门及业务条线的管理需求，依据产品分类标准，采用特定产品分类业务视角，对金融业机构产品进行分类的相关数据，如产品分类代码、产品分类名称、产品分类层级等。,M2_PCI
经营管理,OperationManagement,营销服务,MarketingServices,指金融业机构在充分认识、满足消费者需求的前提下，为充分满足消费者需要在营销服务过程中所采取的一系列活动中所产生的相关数据。,产品信息,ProductInformation,指金融业机构产品日常管理、销售、运营的各类数据。,特征信息,Characteristic Information,指金融产品特征的集合，如期限特征、保险保障特征、金额及辙费方式特征、利率特征、保险条款等。,M2_CHI
经营管理,OperationManagement,营销服务,MarketingServices,指金融业机构在充分认识、满足消费者需求的前提下，为充分满足消费者需要在营销服务过程中所采取的一系列活动中所产生的相关数据。,产品信息,ProductInformation,指金融业机构产品日常管理、销售、运营的各类数据。,管理信息,Management Information ,指产品日常管理数据，如金融业机构向监管机构进行本机构产品报备（报批）的相关文件，以及金融资产管理公司拟收购不良资产的立项及其审核审批信息、投后管理信息等。,M2_MI
经营管理,OperationManagement,营销服务,MarketingServices,指金融业机构在充分认识、满足消费者需求的前提下，为充分满足消费者需要在营销服务过程中所采取的一系列活动中所产生的相关数据。,渠道信息,ChannelInformation,指金融业机构与客户直接或间接接触、沟通、销售与提供产品服务的过程中，涉及金融业机构自身管理范围内相关的渠道数数据。如渠道编号、 渠道名称、渠道用途、渠道类型、渠道启用日期、渠道停用日期等。,线下自有渠道信息（公开）,Information Of Off line Self Owned Channels Public,指门店、网点、柜面、自助服务设备、保险直销等渠道数据，如门店名称、柜面名称、位置、联系方式等。,M1_IOOlSOCP
经营管理,OperationManagement,营销服务,MarketingServices,指金融业机构在充分认识、满足消费者需求的前提下，为充分满足消费者需要在营销服务过程中所采取的一系列活动中所产生的相关数据。,渠道信息,ChannelInformation,指金融业机构与客户直接或间接接触、沟通、销售与提供产品服务的过程中，涉及金融业机构自身管理范围内相关的渠道数数据。如渠道编号、 渠道名称、渠道用途、渠道类型、渠道启用日期、渠道停用日期等。,线上自有渠道信息（公开）,Online Self Owned Channel Information Public,指通过网页、APP、微信公众号、微信小程序等形式与客户接触的网银、手机银行、保险网上商城等渠道数据，如网址、安装软件包下载链接或二维码、服务项目等。,M1_OSOCIP
经营管理,OperationManagement,营销服务,MarketingServices,指金融业机构在充分认识、满足消费者需求的前提下，为充分满足消费者需要在营销服务过程中所采取的一系列活动中所产生的相关数据。,渠道信息,ChannelInformation,指金融业机构与客户直接或间接接触、沟通、销售与提供产品服务的过程中，涉及金融业机构自身管理范围内相关的渠道数数据。如渠道编号、 渠道名称、渠道用途、渠道类型、渠道启用日期、渠道停用日期等。,第三方代理渠道信息（公开）,Third Party Agency Channel Information Public,指公开的笫三方代理渠道数据，如业务代理人、推广机构的信息，如姓名、联系方式等。,M1_TPACIP
经营管理,OperationManagement,营销服务,MarketingServices,指金融业机构在充分认识、满足消费者需求的前提下，为充分满足消费者需要在营销服务过程中所采取的一系列活动中所产生的相关数据。,渠道信息,ChannelInformation,指金融业机构与客户直接或间接接触、沟通、销售与提供产品服务的过程中，涉及金融业机构自身管理范围内相关的渠道数数据。如渠道编号、 渠道名称、渠道用途、渠道类型、渠道启用日期、渠道停用日期等。,渠道管理信息,Channel Management Information,指渠道编号、渠道启用日期、渠道停用日期、代理合同信息、代理人证件信息等渠道日常管理及维护相关数据。如通过委托第三方渠道，进行产品和服务的推广和营销时，所记录的相关信息（名称、业务范困、统一社会信用代码（五证合一后）、注册地址等）、监管辖区信息、保险中介业务许可证信息等；如保险公司个人代理人的信息，如性别、执业证信息、所属保险机构信息、入离公司信息、学历信息、代理合同信息等。,M2_CMAI
经营管理,OperationManagement,营销服务,MarketingServices,指金融业机构在充分认识、满足消费者需求的前提下，为充分满足消费者需要在营销服务过程中所采取的一系列活动中所产生的相关数据。,营销信息,MarketingInformation,指在一定时间利条件下，与金融业机构市场营销有关的各类数据。,市场营销信息（公开）,Marketing Information Public,指市场营销活动的相关数据，如营销宣传信息等。,M1_MIP
经营管理,OperationManagement,营销服务,MarketingServices,指金融业机构在充分认识、满足消费者需求的前提下，为充分满足消费者需要在营销服务过程中所采取的一系列活动中所产生的相关数据。,营销信息,MarketingInformation,指在一定时间利条件下，与金融业机构市场营销有关的各类数据。,市场营销信息（非公开）,Marketing Information Non Public,指市场营销活动的相关数据，如市场分析、目标市场、营销计划等。,M2_MINP
经营管理,OperationManagement,营销服务,MarketingServices,指金融业机构在充分认识、满足消费者需求的前提下，为充分满足消费者需要在营销服务过程中所采取的一系列活动中所产生的相关数据。,营销信息,MarketingInformation,指在一定时间利条件下，与金融业机构市场营销有关的各类数据。,营销管理信息,Marketing Management Information,指客户营销所涉及的各环节的所有过程和结果数据，如营销活动、规则模型、营销名单、任务事件（考核指标）、营销接触、营销结果、营销评价、考核分润信息等。,M2_MMI
经营管理,OperationManagement,营销服务,MarketingServices,指金融业机构在充分认识、满足消费者需求的前提下，为充分满足消费者需要在营销服务过程中所采取的一系列活动中所产生的相关数据。,营销信息,MarketingInformation,指在一定时间利条件下，与金融业机构市场营销有关的各类数据。,服务管理信息,Service Management Information,指为客户设置的管理归属以及为服务客户提供的配套服务活动中产生的相关数据，如管户关系、服务投诉建议、客户积分以及通知及优惠减免等服务信息（管户信息、积分管理、投诉建议、通知信息、管理团队、客服知识库等）。,M2_SMI
经营管理,OperationManagement,运营管理,OperationManagement,指金融业机构在运营过程中的计划、组织、实施和控制的相关数据。,安防管理信息,SecurityManagementInformation,指保障金融业机构正常营业的安防设计方案、安保措施等信息.,技术安防信息,Technical Security Information,指保护金融业机构运营必须的数据裁体的技术设计文档、方案、程序代码等数据，如操作系统集中认证（授权、审计）设计文档、银行卡密钥及防护措施设计文档、银行卡磁道加密密钥和制卡参数、密码（密押、数字证书等编码和解密算法相关文档和程序代码、票证（票据、印章、银行卡） 防伪方案（工艺、措施）等。,M3_TSI
经营管理,OperationManagement,运营管理,OperationManagement,指金融业机构在运营过程中的计划、组织、实施和控制的相关数据。,安防管理信息,SecurityManagementInformation,指保障金融业机构正常营业的安防设计方案、安保措施等信息.,物理安防信息,Physical Security Information,指保护金融业机构物理设施的设计文档、方案等数据，如金库安防方案、运钞车路线、监控报警系统设计方案、营业网点（含ATM、自助银行）安防设计文档等。,M3_PSI
经营管理,OperationManagement,运营管理,OperationManagement,指金融业机构在运营过程中的计划、组织、实施和控制的相关数据。,业务运维信息,BusinessOperationAndMaintenanceInformation,指信息系统对业务相关参数或指标等数据进行运维过程中产生的数据。,参数/指标运维信息,Parameter Index Operation And Maintenance Information,指信息系统对业务相关参数或指标数据进行运维过程中产生的数据，如对产品和服务的汇率、费率、优惠活动、卡面（如借记卡、信用卡等）信息等运营参数或指标进行运维的过程中产生的数据等。,M2_PIOAMI
经营管理,OperationManagement,运营管理,OperationManagement,指金融业机构在运营过程中的计划、组织、实施和控制的相关数据。,合作单位信息,PartnerInformation,指金融业机构在提供金融服务中，需要开展合作的第三方机构信息。,合作单位基本信息,Basic Information Of Partner,指合作单位的基本情况数据，如单位名称、单位类型等。,M2_BIOP
经营管理,OperationManagement,运营管理,OperationManagement,指金融业机构在运营过程中的计划、组织、实施和控制的相关数据。,合作单位信息,PartnerInformation,指金融业机构在提供金融服务中，需要开展合作的第三方机构信息。,合作单位联系人信息,Contact Information Of Partner,指合作单位联系人基本情况数据，如姓名、电话、邮箱等。,M3_CIOP
经营管理,OperationManagement,运营管理,OperationManagement,指金融业机构在运营过程中的计划、组织、实施和控制的相关数据。,合作单位信息,PartnerInformation,指金融业机构在提供金融服务中，需要开展合作的第三方机构信息。,合作内容信息,Cooperation Vontent Information,括与合作单位确定的合作内容，如合约协议文档、评价考核结果等。,M2_CVI
经营管理,OperationManagement,运营管理,OperationManagement,指金融业机构在运营过程中的计划、组织、实施和控制的相关数据。,合作单位信息,PartnerInformation,指金融业机构在提供金融服务中，需要开展合作的第三方机构信息。,合作单位特有信息,Partner Specific Information,指与特定金融业务相关，不属于合作单位基本信息的特有信息数据，如与保险业务相关的汽车修理厂的修车设备、技术人员等级等，公估公司的经营范围、公估许可证信息等，鉴定机构的鉴定人员、鉴定资质信息等，医院的医院等级、床位数量等。,M2_PSPI
经营管理,OperationManagement,运营管理,OperationManagement,指金融业机构在运营过程中的计划、组织、实施和控制的相关数据。,音影像信息,AudioAndVideoInformation,指金融业机构在提供金融产品或服务的过程中产生的音影像资料。,日常管理相关音影像信息,Daily Management Of Relevant Audio And Video Information,指金融业机构日常管理过程中产生的音影像资料，如会议、安防、团建活动、党建活动等过程中采集的视频、录音、照片，以及会计档案等。,M2_DMORAAVI
经营管理,OperationManagement,风险管理信息,RiskManagementInformation,指金融业机构对经营风险的评估信息、成本收益权衡方 案和决定采取的行动计划以及其他相关信息。,风险偏好信息,RiskAppetiteInformation,指金融业机构对风险的接受程度相关数据。,风险偏好定量指标,Quantitative Indicators Of Risk Appetite,指金融业机构利润、风险、资本、流动性以及其他相关指标的目标值或目标区间数据。,M3_QIORA
经营管理,OperationManagement,风险管理信息,RiskManagementInformation,指金融业机构对经营风险的评估信息、成本收益权衡方 案和决定采取的行动计划以及其他相关信息。,风险偏好信息,RiskAppetiteInformation,指金融业机构对风险的接受程度相关数据。,风险偏好不定量指标,Non Quantitative Indicators Of Risk Appetite,指金融业机构对不能定量的风险偏好的定性描述文档等数据，也包括承担此类风险的原因信息、采取的管理措施信息。,M3_NQIORA
经营管理,OperationManagement,风险管理信息,RiskManagementInformation,指金融业机构对经营风险的评估信息、成本收益权衡方 案和决定采取的行动计划以及其他相关信息。,风险偏好信息,RiskAppetiteInformation,指金融业机构对风险的接受程度相关数据。,风险抵御水平信息,Risk Mitigation Level Information,指能反映金融业机构的资本、流动性抵御各类风险水平的相关数据。,M3_RMLI
经营管理,OperationManagement,风险管理信息,RiskManagementInformation,指金融业机构对经营风险的评估信息、成本收益权衡方 案和决定采取的行动计划以及其他相关信息。,风险偏好信息,RiskAppetiteInformation,指金融业机构对风险的接受程度相关数据。,风险偏好偏离信息,Risk Appetite Deviation Information,指反映可能导致偏离风险偏好目标的情形和处置方法的相关文档等数据。,M3_RADI
经营管理,OperationManagement,风险管理信息,RiskManagementInformation,指金融业机构对经营风险的评估信息、成本收益权衡方 案和决定采取的行动计划以及其他相关信息。,风险管控信息,RiskControlInformation,指金融业机构通过对风险的认识、衡量和分析，选择最有效的方式，主动地、有目的地管理的相关数据。,风险缓释信息,Risk Mitigation Information,指金融业机构采取如抵押、保证、金融衍生品等风险缓释工具，或者采取保险、融资等手段所实施的风险转移技术等的相关数据，如抵押信息、保证信息、金融衍生品信息等。,M2_RMI
经营管理,OperationManagement,风险管理信息,RiskManagementInformation,指金融业机构对经营风险的评估信息、成本收益权衡方 案和决定采取的行动计划以及其他相关信息。,风险管控信息,RiskControlInformation,指金融业机构通过对风险的认识、衡量和分析，选择最有效的方式，主动地、有目的地管理的相关数据。,风险识别信息,Risk Identification Information,指认识所面临各种风险及分析风险事故发生的潜在原因过程中所使用的统计方法及工具、分析模型及其产生的相关数据。如贷前风险调查、贷款分类、信用报告和金融资产管理公司的立项、尽职调查、方案信息等。,M2_RII
经营管理,OperationManagement,风险管理信息,RiskManagementInformation,指金融业机构对经营风险的评估信息、成本收益权衡方 案和决定采取的行动计划以及其他相关信息。,风险管控信息,RiskControlInformation,指金融业机构通过对风险的认识、衡量和分析，选择最有效的方式，主动地、有目的地管理的相关数据。,风险计量信息,Risk Measurement Information,指在风险识别的基础上，对风险发生的可能性、风险将导致的后果及严重程度进行充分的分析和评估，从而确定风险水平过程的相关数据，包括模型及统计指标等，如客户的单笔债项或汇息的风险计量相关数据、风险加权资产信息、风险评级或评分等。,M2_RMEI
经营管理,OperationManagement,风险管理信息,RiskManagementInformation,指金融业机构对经营风险的评估信息、成本收益权衡方 案和决定采取的行动计划以及其他相关信息。,风险管控信息,RiskControlInformation,指金融业机构通过对风险的认识、衡量和分析，选择最有效的方式，主动地、有目的地管理的相关数据。,风险监测信息,Risk Monitoring Information,指动态、连续监测各种可量化的关键风险指标以及不可量化的风险因素的变化和发展趋势的相关数据，包括信用卡预警信息、PD预警信息、异常事件信息、信用风险客户监控信息、监测报告等。,M2_RMOI
经营管理,OperationManagement,风险管理信息,RiskManagementInformation,指金融业机构对经营风险的评估信息、成本收益权衡方 案和决定采取的行动计划以及其他相关信息。,风险管控信息,RiskControlInformation,指金融业机构通过对风险的认识、衡量和分析，选择最有效的方式，主动地、有目的地管理的相关数据。,风险控制信息,Risk Control Information,指在对经过识别利计量的风险采取分散、对冲、转移、规避和补偿等措施，进行有效管理和控制的相关数据，包括额度冻结信息、户口冻结信息、限额信息等。,M2_RCI
经营管理,OperationManagement,风险管理信息,RiskManagementInformation,指金融业机构对经营风险的评估信息、成本收益权衡方 案和决定采取的行动计划以及其他相关信息。,风险管控信息,RiskControlInformation,指金融业机构通过对风险的认识、衡量和分析，选择最有效的方式，主动地、有目的地管理的相关数据。,黑名单信息,Blacklist Information,指有现实或潜在风险的客户信息数据，如外部购买和内部产生的黑名单信息等。,M3_BI
经营管理,OperationManagement,技术管理,TechnicalManagement,指金融业机构因发展需要建立的各类包含基础信息设施 建设、信息系统建设等项目、系统相关管理数据。,项目管理信息,ProjectManagementInformation,指因金融业机构发展需要建立的各类包含基础设施建设、信息系统建设等信息化项目管理数据，如规划类数据、质量管理类数 据、开发类数据、测试类数据等。,规划信息,Planning Information,指信息化项目、信息系统的规划文档等数据。,M3_PI
经营管理,OperationManagement,技术管理,TechnicalManagement,指金融业机构因发展需要建立的各类包含基础信息设施 建设、信息系统建设等项目、系统相关管理数据。,项目管理信息,ProjectManagementInformation,指因金融业机构发展需要建立的各类包含基础设施建设、信息系统建设等信息化项目管理数据，如规划类数据、质量管理类数 据、开发类数据、测试类数据等。,质量管理信息,Quality Management Information,指信息科技管理文档、制度文档、质量管控文档等数据。,M2_QMI
经营管理,OperationManagement,技术管理,TechnicalManagement,指金融业机构因发展需要建立的各类包含基础信息设施 建设、信息系统建设等项目、系统相关管理数据。,项目管理信息,ProjectManagementInformation,指因金融业机构发展需要建立的各类包含基础设施建设、信息系统建设等信息化项目管理数据，如规划类数据、质量管理类数 据、开发类数据、测试类数据等。,开发信息,Development Information,指信息系统设计方案、源代码等数据。,M3_DI
经营管理,OperationManagement,技术管理,TechnicalManagement,指金融业机构因发展需要建立的各类包含基础信息设施 建设、信息系统建设等项目、系统相关管理数据。,项目管理信息,ProjectManagementInformation,指因金融业机构发展需要建立的各类包含基础设施建设、信息系统建设等信息化项目管理数据，如规划类数据、质量管理类数 据、开发类数据、测试类数据等。,测试信息,Test Information,指测试方案、测试计划、测试报告等数据。,M2_TI
经营管理,OperationManagement,技术管理,TechnicalManagement,指金融业机构因发展需要建立的各类包含基础信息设施 建设、信息系统建设等项目、系统相关管理数据。,系统管理信息,SystemManagementInformation,金融业机构信息科技建设过程中需要管理的包括信息系统配置信息、数据字典、信息资产、运行日志类信息等系统相关的管理数据。,配置信息,Configuration Information,指与信息系统配置相关的数据，包括关键配置参数、存放路径、重要参数等。,M2_CONI
经营管理,OperationManagement,技术管理,TechnicalManagement,指金融业机构因发展需要建立的各类包含基础信息设施 建设、信息系统建设等项目、系统相关管理数据。,系统管理信息,SystemManagementInformation,金融业机构信息科技建设过程中需要管理的包括信息系统配置信息、数据字典、信息资产、运行日志类信息等系统相关的管理数据。,办公软件资源,Office Coftware Resources,指办公环境所需的基础软件和软件产品说明，如数据库的安装包、升级包、硬件产品管理信息以及其相关说明文档等。,M2_OCR
经营管理,OperationManagement,技术管理,TechnicalManagement,指金融业机构因发展需要建立的各类包含基础信息设施 建设、信息系统建设等项目、系统相关管理数据。,系统管理信息,SystemManagementInformation,金融业机构信息科技建设过程中需要管理的包括信息系统配置信息、数据字典、信息资产、运行日志类信息等系统相关的管理数据。,信息资产管理信息,Information Asset Management Information,指与信息资产相关的数据，包括资产类型信息、资产价值信息、资产折旧信息、资产生命周期信息、拓扑关系信息、系统网络安全等级清单等。,M2_IAMI
经营管理,OperationManagement,技术管理,TechnicalManagement,指金融业机构因发展需要建立的各类包含基础信息设施 建设、信息系统建设等项目、系统相关管理数据。,系统管理信息,SystemManagementInformation,金融业机构信息科技建设过程中需要管理的包括信息系统配置信息、数据字典、信息资产、运行日志类信息等系统相关的管理数据。,数据字典信息,Data Dictionary Information,指各个信息系统中的数据字典，如数据符号、数据示意、说明解释等。,M2_DDI
经营管理,OperationManagement,技术管理,TechnicalManagement,指金融业机构因发展需要建立的各类包含基础信息设施 建设、信息系统建设等项目、系统相关管理数据。,系统管理信息,SystemManagementInformation,金融业机构信息科技建设过程中需要管理的包括信息系统配置信息、数据字典、信息资产、运行日志类信息等系统相关的管理数据。,安全管理信息,Safety Management Information,指信息系统漏洞信息、安全防护配置与策略信息、自行识别的威胁数据、安全告警信息、安全事件信息等数据。,M2_SMAI
经营管理,OperationManagement,技术管理,TechnicalManagement,指金融业机构因发展需要建立的各类包含基础信息设施 建设、信息系统建设等项目、系统相关管理数据。,系统管理信息,SystemManagementInformation,金融业机构信息科技建设过程中需要管理的包括信息系统配置信息、数据字典、信息资产、运行日志类信息等系统相关的管理数据。,运行日志信息,Running Log Information,指各个系统、应用、网络、机房设施、监控平台中记录的日志数据，如记录时间、记录日期、记录内容、告警类型、告警等级、诊断信息等数据。,M2_RLI
经营管理,OperationManagement,技术管理,TechnicalManagement,指金融业机构因发展需要建立的各类包含基础信息设施 建设、信息系统建设等项目、系统相关管理数据。,系统管理信息,SystemManagementInformation,金融业机构信息科技建设过程中需要管理的包括信息系统配置信息、数据字典、信息资产、运行日志类信息等系统相关的管理数据。,系统运维信息,System Operation And Maintenance Information,指用于系统维护或统计数据产生的shell脚本、SQL脚本等。,M3_SOAMI
经营管理,OperationManagement,综合管理,IntegratedManagement,机构在各项日常行政、人力资源、组织结构、战略规划 及法律事务等工作的管理数据。,战略规划信息,StrategicPlanningInformation,一般指金融业机构为开发核心竞争力、获取竞争优势所产生的战略规划数据、文档，如营销、业务发展、品牌、融资、技术开 发、人才开发、资源开发等战略信息。,市场营销规划信息,Marketing Planning Information,指金融业机构市场营销活动及其有关的各项业务管理文档等数据。,M3_MPI
经营管理,OperationManagement,综合管理,IntegratedManagement,机构在各项日常行政、人力资源、组织结构、战略规划 及法律事务等工作的管理数据。,战略规划信息,StrategicPlanningInformation,一般指金融业机构为开发核心竞争力、获取竞争优势所产生的战略规划数据、文档，如营销、业务发展、品牌、融资、技术开 发、人才开发、资源开发等战略信息。,资金规划信息,Fund Planning Information,指金融业机构资金统筹管理活动有关文档等数据。,M3_FPI
经营管理,OperationManagement,综合管理,IntegratedManagement,机构在各项日常行政、人力资源、组织结构、战略规划 及法律事务等工作的管理数据。,战略规划信息,StrategicPlanningInformation,一般指金融业机构为开发核心竞争力、获取竞争优势所产生的战略规划数据、文档，如营销、业务发展、品牌、融资、技术开 发、人才开发、资源开发等战略信息。,人力需求规划信息,H R Demand Planning Information,指金融业机构人力资源管理活动有关文档等数据。,M3_HRDPI
经营管理,OperationManagement,综合管理,IntegratedManagement,机构在各项日常行政、人力资源、组织结构、战略规划 及法律事务等工作的管理数据。,战略规划信息,StrategicPlanningInformation,一般指金融业机构为开发核心竞争力、获取竞争优势所产生的战略规划数据、文档，如营销、业务发展、品牌、融资、技术开 发、人才开发、资源开发等战略信息。,品牌战略规划信息,Brand Strategic Planning Information,指金融业机构品牌管理活动有关文档等数据。,M3_BSPI
经营管理,OperationManagement,综合管理,IntegratedManagement,机构在各项日常行政、人力资源、组织结构、战略规划 及法律事务等工作的管理数据。,战略规划信息,StrategicPlanningInformation,一般指金融业机构为开发核心竞争力、获取竞争优势所产生的战略规划数据、文档，如营销、业务发展、品牌、融资、技术开 发、人才开发、资源开发等战略信息。,业务发展规划信息,Business Development PlanningInformation,指金融业机构对于未来业务发展规划过程中记录的数据，如一定时期内对业务发展方向、发展速度与质量、发展点及业务发展能力的重大选择和策略等。,M3_BDP
经营管理,OperationManagement,综合管理,IntegratedManagement,机构在各项日常行政、人力资源、组织结构、战略规划 及法律事务等工作的管理数据。,机构信息,InstitutionalInformation,指与金融业机构内部组织架构设计相关的各类信息。,基本信息（公开）,Basic Information Public,指金融业机构组织架构中，其内设部门、分支机构等己公开的基础概况记录数据，如机构编号、机构名称、机构地址、机构电话等。,M1_BIP
经营管理,OperationManagement,综合管理,IntegratedManagement,机构在各项日常行政、人力资源、组织结构、战略规划 及法律事务等工作的管理数据。,机构信息,InstitutionalInformation,指与金融业机构内部组织架构设计相关的各类信息。,基本信息（非公开）,Basic Information Non Public,指金融业机构组织架构中，其内设部门、分支机构等未直接公开的基础概况记录数据，如部门编号、部门名称、部门职责、上级账务机构编号等。,M2_BINP
经营管理,OperationManagement,综合管理,IntegratedManagement,机构在各项日常行政、人力资源、组织结构、战略规划 及法律事务等工作的管理数据。,机构信息,InstitutionalInformation,指与金融业机构内部组织架构设计相关的各类信息。,层级信息,Hierarchical Information,指金融业机构组织架构中，其内设部门、分支机构等的层级划分标识数据，如总公司、分公司、子公司等。,M2_HI
经营管理,OperationManagement,综合管理,IntegratedManagement,机构在各项日常行政、人力资源、组织结构、战略规划 及法律事务等工作的管理数据。,机构信息,InstitutionalInformation,指与金融业机构内部组织架构设计相关的各类信息。,分类信息,Classification Information,指金融业机构组织架构中，其内设部门、分支机构等按不同管理要求维度进行分类的标识数据，如是否为营业机构、是否为账务机构等。,M2_CLI
经营管理,OperationManagement,综合管理,IntegratedManagement,机构在各项日常行政、人力资源、组织结构、战略规划 及法律事务等工作的管理数据。,机构信息,InstitutionalInformation,指与金融业机构内部组织架构设计相关的各类信息。,证件信息,Certificate Information,指金融业机构各内设部门、分支机构等的证件信息，如统一社会信用代码 （五证合一后）、金融业机构代码证号、支付业务许可证号等。,M1_CERI
经营管理,OperationManagement,综合管理,IntegratedManagement,机构在各项日常行政、人力资源、组织结构、战略规划 及法律事务等工作的管理数据。,财务信息,FinancialInformation,指反映金融业机构财务收支、预算及费用分配等情况的信息。,财务会计信息,Financial Accounting Information,指金融业机构根据会计准则进行的会计确认、计量和报告过程中产生的相关数据，包括会计记录、账簿、报表等。如金融资产、其他流动资产、长期投资、固定资产、无形资产、递延资产、流动负债、非流动负债、所有者权益的确认及计量等。,M3_FAI
经营管理,OperationManagement,综合管理,IntegratedManagement,机构在各项日常行政、人力资源、组织结构、战略规划 及法律事务等工作的管理数据。,财务信息,FinancialInformation,指反映金融业机构财务收支、预算及费用分配等情况的信息。,企事业财务管理信息,Enterprise Financial Management Information,指企事业单位预算执行、周转金拨付和年终并账等财务管理信息。如预算核批金额、预算执行率等。,M3_EFMI
经营管理,OperationManagement,综合管理,IntegratedManagement,机构在各项日常行政、人力资源、组织结构、战略规划 及法律事务等工作的管理数据。,财务信息,FinancialInformation,指反映金融业机构财务收支、预算及费用分配等情况的信息。,基建财务管理信息,Capital Construction Financial Management Information,指基本建设项目管理和项目核算等信息。如基建项目代码、基建项目关张日期等。,M2_CCFMI
经营管理,OperationManagement,综合管理,IntegratedManagement,机构在各项日常行政、人力资源、组织结构、战略规划 及法律事务等工作的管理数据。,财务信息,FinancialInformation,指反映金融业机构财务收支、预算及费用分配等情况的信息。,管理会计信息,Management Accounting Information,指金融业机构运用管理会计工具方法，根据财务和业务数据进行加工整理形成的，满足企业价值管理和决策支持需要的各类数据。如预算、考核、成本分摊、盈亏分析等方面的报表、报告等。,M3_MAI
经营管理,OperationManagement,综合管理,IntegratedManagement,机构在各项日常行政、人力资源、组织结构、战略规划 及法律事务等工作的管理数据。,财务信息,FinancialInformation,指反映金融业机构财务收支、预算及费用分配等情况的信息。,财务支出信息,Financial Expenditure Information,指金融业机构开展财务开支及招标采购过程中产生的各类数据，包括供应商管理数据。如采购相关信息、费用报销信息、供应商信息等。,M3_FEI
经营管理,OperationManagement,综合管理,IntegratedManagement,机构在各项日常行政、人力资源、组织结构、战略规划 及法律事务等工作的管理数据。,财务信息,FinancialInformation,指反映金融业机构财务收支、预算及费用分配等情况的信息。,税务信息,Tax Information,指金融业机构的税款形成、申报、缴纳以及发票管理等过程中产生的各类数据。,M3_TAXI
经营管理,OperationManagement,综合管理,IntegratedManagement,机构在各项日常行政、人力资源、组织结构、战略规划 及法律事务等工作的管理数据。,财务信息,FinancialInformation,指反映金融业机构财务收支、预算及费用分配等情况的信息。,内部资金往来信息,Internal Fund Transaction Information,指金融业机构（集团）内部资金划转与借用的信息。,M3_IFTI
经营管理,OperationManagement,综合管理,IntegratedManagement,机构在各项日常行政、人力资源、组织结构、战略规划 及法律事务等工作的管理数据。,财务信息,FinancialInformation,指反映金融业机构财务收支、预算及费用分配等情况的信息。,支付清算汇总信息,Payment Clearing Summary Information,指金融业机构汇总的各类支付清算和结算数据，如商户结算数据（如结算周期、结算方式等）、结算单数据 （如汇总轧差金额、结算周期等）等。,M3_PCSI
经营管理,OperationManagement,综合管理,IntegratedManagement,机构在各项日常行政、人力资源、组织结构、战略规划 及法律事务等工作的管理数据。,财务信息,FinancialInformation,指反映金融业机构财务收支、预算及费用分配等情况的信息。,资金渠道流通汇总信息,Summary Information Of Capital Channel Circulation,指金融业机构汇总的资金渠道流通相关数据。如渠道资金流水总额、渠道对账明细、渠道对账结果等。,M3_SIOCCC
经营管理,OperationManagement,综合管理,IntegratedManagement,机构在各项日常行政、人力资源、组织结构、战略规划 及法律事务等工作的管理数据。,资产负债信息,AssetLiabilityInformation,指金融业机构按一定的策略进行资金配置实现流动性、安全性和盈利性组合目标管理所留存的相关信息。,国库管理信息,Treasury Management Information,指金融业机构履行政府控制预算执行，保管政府资产和负债一系列管理职能所存储的相关数据。,M2_TMI
经营管理,OperationManagement,综合管理,IntegratedManagement,机构在各项日常行政、人力资源、组织结构、战略规划 及法律事务等工作的管理数据。,资产负债信息,AssetLiabilityInformation,指金融业机构按一定的策略进行资金配置实现流动性、安全性和盈利性组合目标管理所留存的相关信息。,利率管理信息,Interest Rate Management Information,指金融业机构记录的中央银行对利率水平的调整数据，以及对利率政策执行情况落实过程中记录的数据。,M2_IRMI
经营管理,OperationManagement,综合管理,IntegratedManagement,机构在各项日常行政、人力资源、组织结构、战略规划 及法律事务等工作的管理数据。,资产负债信息,AssetLiabilityInformation,指金融业机构按一定的策略进行资金配置实现流动性、安全性和盈利性组合目标管理所留存的相关信息。,资产负债管理信息,Asset Liability Management Information,指金融业机构在一定风险限额下，为实现经营目标而对资产负债结构进行全面的、动态的、前瞻性协调管理过程中记录的数据。,M2_ALMI
经营管理,OperationManagement,综合管理,IntegratedManagement,机构在各项日常行政、人力资源、组织结构、战略规划 及法律事务等工作的管理数据。,行政信息,AdministrativeInformation,指金融业机构日常行政工作中产生的各类信息。,党务纪检信息,Party Affairs Discipline Inspection Information,指金融业机构开展党建、纪检等工作中记录的数据，如党的组织建设情况、党风廉政建设情况、纪律监督、违纪问题调查处理、受理党员和群众的来信来访等。,M2_PADII
经营管理,OperationManagement,综合管理,IntegratedManagement,机构在各项日常行政、人力资源、组织结构、战略规划 及法律事务等工作的管理数据。,行政信息,AdministrativeInformation,指金融业机构日常行政工作中产生的各类信息。,工会信息,Trade Union Information,指金融业机构开展工会工作中记录的数据，如会员信息、会费管理数据、各类活动记录等。,M2_TUI
经营管理,OperationManagement,综合管理,IntegratedManagement,机构在各项日常行政、人力资源、组织结构、战略规划 及法律事务等工作的管理数据。,行政信息,AdministrativeInformation,指金融业机构日常行政工作中产生的各类信息。,章程制度信息,Articles Of Association And System Information,指金融业机构为维护正常的工作秩序，依照法律、法令、政策而制定的具有规范性或指导性与约束力的章程制度电子文档数据，如公司章程、公司财务管理制度、公司资产管理制度、IT治理制度、IT信息技术管理制度等。,M2_AOAASI
经营管理,OperationManagement,综合管理,IntegratedManagement,机构在各项日常行政、人力资源、组织结构、战略规划 及法律事务等工作的管理数据。,行政信息,AdministrativeInformation,指金融业机构日常行政工作中产生的各类信息。,信息披露信息,Information Disclosure,指金融业机构发布的各类公开信息数据，如新闻、通知、公告等。,M1_ID
经营管理,OperationManagement,综合管理,IntegratedManagement,机构在各项日常行政、人力资源、组织结构、战略规划 及法律事务等工作的管理数据。,行政信息,AdministrativeInformation,指金融业机构日常行政工作中产生的各类信息。,公文信息,Official Document Information,指金融业机构日常工作中，接收或发送的按照特定体式、经过一定的处理程序形成和使用的电子文档数据，如紧急程度、发文机关标志、发文字号、签发人、标题、主送机关、正文、附件说明、发文机关署名、成文日期、 印章、附注、附件、抄送机关、印发机关、印发日期等。,M2_ODI
经营管理,OperationManagement,综合管理,IntegratedManagement,机构在各项日常行政、人力资源、组织结构、战略规划 及法律事务等工作的管理数据。,行政信息,AdministrativeInformation,指金融业机构日常行政工作中产生的各类信息。,邮件信息,Mail Information,指金融业机构员工经邮件传递方式处理的各类文件信息数据，如邮件发送时间、邮件接收时间、邮件主题、邮件内容、邮件附件和图片等。,M2_MAIL
经营管理,OperationManagement,综合管理,IntegratedManagement,机构在各项日常行政、人力资源、组织结构、战略规划 及法律事务等工作的管理数据。,内控合规信息,InternalControlComplianceInformation,指金融业机构实施内控管理、合规风险管理与操作风险管理、开展合规性 审查、操作风险审查和合规及操作风险培训等工作形成的信息。,合规信息,Compliance Information,指金融业机构参照国家法律法规明文规定和要求产生的合规结果数据，如信息隔离、数据保密等。,M2_COI
经营管理,OperationManagement,综合管理,IntegratedManagement,机构在各项日常行政、人力资源、组织结构、战略规划 及法律事务等工作的管理数据。,内控合规信息,InternalControlComplianceInformation,指金融业机构实施内控管理、合规风险管理与操作风险管理、开展合规性 审查、操作风险审查和合规及操作风险培训等工作形成的信息。,内部审计信息,Internal Audit Information,指金融业机构在业务开展或业务管理过程中对是否符合监管、合规和内控相关规定要求而产生的审计评估结果数据，如中长期审计规划、年度审计计划、审计方案、审计证据、审计项目编码、现场工作日期、工作底稿、审计报告（如审计目标利范围、审计依据、审计发现、审计结论、审计建议等）等。,M2_IAUI
经营管理,OperationManagement,综合管理,IntegratedManagement,机构在各项日常行政、人力资源、组织结构、战略规划 及法律事务等工作的管理数据。,内控合规信息,InternalControlComplianceInformation,指金融业机构实施内控管理、合规风险管理与操作风险管理、开展合规性 审查、操作风险审查和合规及操作风险培训等工作形成的信息。,法务信息,Legal Information,指涉及金融业机构有关法律事务的数据，如合同签署、商务谈判、法律纠纷及诉讼事件处理情况等。,M2_LI
监管,Supervise,数据报送,DataSubmission,指监管机构要求金融业机构报送的各项信息,监管报送信息,RegulatorySubmissionInformation,指金融业机构按照国家及行业监管部门有关规定及要求上报的各类信息。,监管指标上报信息,Reporting Information Of Regulatory Indicators,指金融业机构按要求上报的监管指标数据，如风险资产总额、资本净额的数量和结构、核心资本充足率、资本充足率、金融资产管理公司（法人） 传统不良资产收购处置业务统计指标、金融资产管理公司〈法人）附重组条件不良资产收购业务统计指标等。,M3_RIORI
监管,Supervise,数据报送,DataSubmission,指监管机构要求金融业机构报送的各项信息,监管报送信息,RegulatorySubmissionInformation,指金融业机构按照国家及行业监管部门有关规定及要求上报的各类信息。,监管明细数据上报信息,Reporting Information Of Regulatory Detailed Data,"指金融业机构按要求上报的各类监管明细数据，如反洗钱数据（包括但不限于大额和可疑交易报告、调查协查、客户风险等级等信息）、监管标准化数据、清单级业务数据、科目级财务数据、""三会一层""信息、法人信息、机构信息、存贷款明细等。",M3_RIORDD
监管,Supervise,数据报送,DataSubmission,指监管机构要求金融业机构报送的各项信息,监管报送信息,RegulatorySubmissionInformation,指金融业机构按照国家及行业监管部门有关规定及要求上报的各类信息。,金融统计信息,Financial Statistics,指金融业机构计算的宏观统计相关数据，如财务报表、调查问卷及其他重要事项等。,M2_FS
监管,Supervise,数据收取,DataCollection,指监管机构为有效管理、风险管控，向金融业机构发送 的评价、处罚、违规、统计、预警及安全审计等信息。,评价、处罚与违规信息,EvaluationPunishmentViolationInformation,指监管机构对金融业机构的评价、处罚和违规数据。,评价、处罚与违规信息,Evaluation Punishment Violation Information,指监管机构对金融业机构的评价、处罚和违规数据，如监管机构下发的罚单、通报等。,M2_EPVI
监管,Supervise,数据收取,DataCollection,指监管机构为有效管理、风险管控，向金融业机构发送 的评价、处罚、违规、统计、预警及安全审计等信息。,监管统计及预警信息,RegulatoryStatisticsAndEarlyWarningInformation,指监管机构因监管需要，对金融业机构相关数据统计、分析、汇总、组合而成的统计信息和具有预警性质的数据。,统计分析信息,Statistical Analysis Information,指由监管机构对相关数据进行汇总、统计、分析、比对、组合而形成的数据，如系统重要性金融业机构评价指标分项得分等。,M2_SAI
监管,Supervise,数据收取,DataCollection,指监管机构为有效管理、风险管控，向金融业机构发送 的评价、处罚、违规、统计、预警及安全审计等信息。,监管统计及预警信息,RegulatoryStatisticsAndEarlyWarningInformation,指监管机构因监管需要，对金融业机构相关数据统计、分析、汇总、组合而成的统计信息和具有预警性质的数据。,预警信息,Early Warning Information,指由监管机构根据特定预警策略设置，产生的预警数据，如监管机构下发的风险预警信息等。,M2_EWI
监管,Supervise,数据收取,DataCollection,指监管机构为有效管理、风险管控，向金融业机构发送 的评价、处罚、违规、统计、预警及安全审计等信息。,外部审计信息,ExternalAuditInformation,指独立于机关和企事业单位的国家审计机构针对金融业机构在业务开展或业务管理的过程中是否符合监管、合规和内控相关规定要求进行审计产生的评估数据。,外部审计信息,External Audit Information,,M2_EAUI
